;Ryhmät;Ryhmät_eng;Ryhmät_tiet;SUOMI;RUOTSI;LYHENNE;TIETEELLINEN;KATEGORIA;
1;Joutsenet;Swans;Anatidae;Joutsenlaji;Cygnus (släktet);CYGSP;Cygnus sp;S;
2;Joutsenet;Swans;Anatidae;Kyhmyjoutsen;Knölsvan;CYGOLO;Cygnus olor;A;
3;Joutsenet;Swans;Anatidae;Mustajoutsen;Svart svan;CYGATR;Cygnus atratus;E;
4;Joutsenet;Swans;Anatidae;Pikkujoutsen;Mindre sångsvan;CYGCOL;Cygnus columbianus;A;
5;Joutsenet;Swans;Anatidae;Pikkujoutsen (alalaji bewickii);Mindre sångsvan (rasen bewickii);CYGCOLBEW;Cygnus columbianus bewickii;R;
6;Joutsenet;Swans;Anatidae;Pikkujoutsen (alalaji columbianus);Mindre sångsvan (rasen columbianus);CYGCOLCOL;Cygnus columbianus columbianus;R;
7;Joutsenet;Swans;Anatidae;Pikkujoutsen / laulujoutsen;Mindre sångsvan / sångsvan;CYGCOL/CYGCYG;Cygnus columbianus/cygnus;S;
8;Joutsenet;Swans;Anatidae;Laulujoutsen;Sångsvan;CYGCYG;Cygnus cygnus;A;
9;Hanhet;Geese;Anatidae;Hanhi;Ob. gås;ANS/BRA;Anser/Branta;S;
10;Hanhet;Geese;Anatidae;Harmaahanhilaji;Anser (släktet);ANSSP;Anser sp;S;
11;Hanhet;Geese;Anatidae;Metsähanhi;Sädgås;ANSFAB;Anser fabalis;A;
12;Hanhet;Geese;Anatidae;Metsähanhi (alalaji fabalis);Sädgås (rasen fabalis);ANSFABFAB;Anser fabalis fabalis;R;
13;Hanhet;Geese;Anatidae;Metsähanhi (alalaji rossicus);Sädgås (rasen rossicus);ANSFABROS;Anser fabalis rossicus;R;
14;Hanhet;Geese;Anatidae;Lyhytnokkahanhi;Spetsbergsgås;ANSBRA;Anser brachyrhynchus;R;
15;Hanhet;Geese;Anatidae;Tundrahanhi;Bläsgås;ANSALB;Anser albifrons;A;
16;Hanhet;Geese;Anatidae;Tundrahanhi (alalaji albifrons);Bläsgås (rasen albifrons);ANSALBALB;Anser albifrons albifrons;R;
17;Hanhet;Geese;Anatidae;Tundrahanhi (alalaji flavirostris);Bläsgås (rasen flavirostris);ANSALBFLA;Anser albifrons flavirostris;R;
18;Hanhet;Geese;Anatidae;Tundrahanhi / kiljuhanhi;Bläsgås / fjällgås;ANSALB/ANSERY;Anser albifrons/erythropus;R;
19;Hanhet;Geese;Anatidae;Tundrahanhi X kiljuhanhi;Bläsgås X fjällgås;ANSALBXANSERY;Anser albifrons x erythropus;X;
20;Hanhet;Geese;Anatidae;Tundrahanhi X merihanhi;Bläsgås X grågås;ANSALBXANSANS;Anser albifrons x anser;X;
21;Hanhet;Geese;Anatidae;Kiljuhanhi;Fjällgås;ANSERY;Anser erythropus;A;
22;Hanhet;Geese;Anatidae;Merihanhi;Grågås;ANSANS;Anser anser;A;
23;Hanhet;Geese;Anatidae;Merihanhi X kanadanhanhi;Grågås X kanadagås;ANSANSXBRACAN;Anser anser x Branta canadensis;X;
24;Hanhet;Geese;Anatidae;Merihanhi X valkoposkihanhi;Grågås X vitkindad gås;ANSANSXBRALEU;Anser anser x Branta leucopsis;X;
25;Hanhet;Geese;Anatidae;Tiibetinhanhi;Stripgås;ANSIND;Anser indicus;E;
26;Hanhet;Geese;Anatidae;Tiibetinhanhi X valkoposkihanhi;Stripgås X vitkindad gås;ANSINDXBRALEU;Anser indicus x Branta leucopsis;X;
27;Hanhet;Geese;Anatidae;Lumihanhi;Snögås;ANSCAE;Anser caerulescens;A;
28;Hanhet;Geese;Anatidae;Lumihanhi (alalaji atlanticus);Snögås (rasen atlanticus);ANSCAEATL;Anser caerulescens atlanticus;R;
29;Hanhet;Geese;Anatidae;Lumihanhi / eskimohanhi;Snögås / dvärgsnögås;ANSCAE/ANSROS;Anser caerulescens/rossii;S;
30;Hanhet;Geese;Anatidae;Eskimohanhi;Dvärgsnögås;ANSROS;Anser rossii;E;
31;Hanhet;Geese;Anatidae;Joutsenhanhi;Svangås;ANSCYG;Anser cygnoides;E;
32;Hanhet;Geese;Anatidae;Kirjohanhilaji;Branta (släktet);BRASP;Branta sp;S;
33;Hanhet;Geese;Anatidae;Kanadanhanhi;Kanadagås;BRACAN;Branta canadensis;C;
34;Hanhet;Geese;Anatidae;Pikkukanadanhanhi;Dvärgkanadagås;BRAHUT;Branta hutchinsii;E;
35;Hanhet;Geese;Anatidae;Pikkukanadanhanhi (alalaji minima);Dvärgkanadagås (rasen minima);BRAHUTMIN;Branta hutchinsii minima;R;
36;Hanhet;Geese;Anatidae;Kanadanhanhi X valkoposkihanhi;Kanadagås X vitkindad gås;BRACANXBRALEU;Branta canadensis x leucopsis;X;
37;Hanhet;Geese;Anatidae;Valkoposkihanhi;Vitkindad gås;BRALEU;Branta leucopsis;A;
38;Hanhet;Geese;Anatidae;Sepelhanhi;Prutgås;BRABER;Branta bernicla;A;
39;Hanhet;Geese;Anatidae;Sepelhanhi (alalaji hrota);Prutgås (rasen hrota);BRABERHRO;Branta bernicla hrota;R;
40;Hanhet;Geese;Anatidae;Sepelhanhi (alalaji bernicla);Prutgås (rasen bernicla);BRABERBER;Branta bernicla bernicla;R;
41;Hanhet;Geese;Anatidae;Sepelhanhi (alalaji nigricans);Prutgås (rasen nigricans);BRABERNIG;Branta bernicla nigricans;R;
42;Hanhet;Geese;Anatidae;Punakaulahanhi;Rödhalsad gås;BRARUF;Branta ruficollis;A;
43;Hanhet;Geese;Anatidae;Afrikanhanhi;Nilgås;ALOAEG;Alopochen aegyptiaca;E;
44;Hanhet;Geese;Anatidae;Hanhiristeymä;Gåshybrid;XAB;x Anser Branta;X;
45;Sorsat;Ducks;Anatidae;Ruostesorsa;Rostand;TADFER;Tadorna ferruginea;A;
46;Sorsat;Ducks;Anatidae;Ristisorsa;Gravand;TADTAD;Tadorna tadorna;A;
47;Sorsat;Ducks;Anatidae;Mandariinisorsalaji;Aix (släktet);AIXSP;Aix sp;S;
48;Sorsat;Ducks;Anatidae;Morsiosorsa;Brudand;AIXSPO;Aix sponsa;E;
49;Sorsat;Ducks;Anatidae;Mandariinisorsa;Mandarinand;AIXGAL;Aix galericulata;C;
50;Sorsat;Ducks;Anatidae;Sorsalaji;Anas (släktet);ANASP;Anas sp;S;
51;Sorsat;Ducks;Anatidae;Haapana;Bläsand;ANAPEN;Anas penelope;A;
52;Sorsat;Ducks;Anatidae;Haapana X amerikanhaapana;Bläsand X amerikansk bläsand;ANAPENXANAAME;Anas penelope x americana;X;
53;Sorsat;Ducks;Anatidae;Haapana X harmaasorsa;Bläsand X snatterand;ANAPENXANASTR;Anas penelope x strepera;X;
54;Sorsat;Ducks;Anatidae;Haapana X sinisorsa;Bläsand X gräsand;ANAPENXANAPLA;Anas penelope x platyrhynchos;X;
55;Sorsat;Ducks;Anatidae;Haapana X jouhisorsa;Bläsand X stjärtand;ANAPENXANAACU;Anas penelope x acuta;X;
56;Sorsat;Ducks;Anatidae;Amerikanhaapana;Amerikansk bläsand;ANAAME;Anas americana;A;
57;Sorsat;Ducks;Anatidae;Sirppisorsa;Praktand;ANAFAL;Anas falcata;D;
58;Sorsat;Ducks;Anatidae;Harmaasorsa;Snatterand;ANASTR;Anas strepera;A;
59;Sorsat;Ducks;Anatidae;Harmaasorsa X sinisorsa;Snatterand X gräsand;ANASTRXANAPLA;Anas strepera x platyrhynchos;X;
60;Sorsat;Ducks;Anatidae;Siperiantavi;Gulkindad kricka;ANAFOR;Anas formosa;E;
61;Sorsat;Ducks;Anatidae;Tavi;Kricka;ANACRE;Anas crecca;A;
62;Sorsat;Ducks;Anatidae;Tavi / heinätavi;Kricka / årta;ANACRE/ANAQUE;Anas crecca x querquedula;X;
63;Sorsat;Ducks;Anatidae;Tavi X amerikantavi;Kricka X amerikansk kricka;ANACREXANACAR;Anas crecca x carolinensis;X;
64;Sorsat;Ducks;Anatidae;Tavi X sinisorsa;Kricka X gräsand;ANACREXANAPLA;Anas crecca x platyrhynchos;X;
65;Sorsat;Ducks;Anatidae;Amerikantavi;Amerikansk kricka;ANACAR;Anas carolinensis;A;
66;Sorsat;Ducks;Anatidae;Sinisorsa;Gräsand;ANAPLA;Anas platyrhynchos;A;
67;Sorsat;Ducks;Anatidae;Sinisorsa X jouhisorsa;Gräsand X stjärtand;ANAPLAXANAACU;Anas platyrhynchos x acuta;X;
68;Sorsat;Ducks;Anatidae;Sinisorsa X lapasorsa;Gräsand X skedand;ANAPLAXANACLY;Anas platyrhynchos x clypeata;X;
69;Sorsat;Ducks;Anatidae;Nokisorsa;Svartand;ANARUB;Anas rubripes;A;
70;Sorsat;Ducks;Anatidae;Jouhisorsa;Stjärtand;ANAACU;Anas acuta;A;
71;Sorsat;Ducks;Anatidae;Heinätavi;Årta;ANAQUE;Anas querquedula;A;
72;Sorsat;Ducks;Anatidae;Sinisiipitavi;Blåvingad årta;ANADIS;Anas discors;A;
73;Sorsat;Ducks;Anatidae;Lapasorsa;Skedand;ANACLY;Anas clypeata;A;
74;Sorsat;Ducks;Anatidae;Patagonianhaapana;Patagonisk bläsand;ANASIB;Anas sibilatrix;E;
75;Sorsat;Ducks;Anatidae;Valkoposkisorsa;Bahamaand;ANABAH;Anas bahamensis;E;
76;Sorsat;Ducks;Anatidae;Punatavi;Kanelårta;ANACYA;Anas cyanoptera;E;
77;Sorsat;Ducks;Anatidae;Sorsaristeymä;Simandhybrid;XANA;x Anas;X;
78;Sorsat;Ducks;Anatidae;Punapäänarsku;Rödhuvad dykand;NETRUF;Netta rufina;A;
79;Sorsat;Ducks;Anatidae;Sotkalaji;Aythya (släktet);AYTSP;Aythya sp;S;
80;Sorsat;Ducks;Anatidae;Punasotka;Brunand;AYTFER;Aythya ferina;A;
81;Sorsat;Ducks;Anatidae;Punasotka X tukkasotka;Brunand X vigg;AYTFERXAYTFUL;Aythya ferina x fuligula;X;
82;Sorsat;Ducks;Anatidae;Amerikantukkasotka;Ringand;AYTCOL;Aythya collaris;A;
83;Sorsat;Ducks;Anatidae;Amerikantukkasotka X tukkasotka;Ringand X vigg;AYTCOLXAYTFUL;Aythya collaris x fuligula;X;
84;Sorsat;Ducks;Anatidae;Ruskosotka;Vitögd dykand;AYTNYR;Aythya nyroca;A;
85;Sorsat;Ducks;Anatidae;Tukkasotka;Vigg;AYTFUL;Aythya fuligula;A;
86;Sorsat;Ducks;Anatidae;Tukkasotka / lapasotka;Vigg / bergand;AYTFUL/AYTMAR;Aythya fuligula/marila;S;
87;Sorsat;Ducks;Anatidae;Tukkasotka X lapasotka;Vigg X bergand;AYTFULXAYTMAR;Aythya fuligula x marila;X;
88;Sorsat;Ducks;Anatidae;Lapasotka;Bergand;AYTMAR;Aythya marila;A;
89;Sorsat;Ducks;Anatidae;Pikkulapasotka;Mindre bergand;AYTAFF;Aythya affinis;A;
90;Sorsat;Ducks;Anatidae;Sotkaristeymä;Dykandhybrid;XAYT;x Aythya;X;
91;Sorsat;Ducks;Anatidae;Haahkalaji;Somateria (släktet);SOMSP;Somateria sp;S;
92;Sorsat;Ducks;Anatidae;Haahka;Ejder;SOMMOL;Somateria mollissima;A;
93;Sorsat;Ducks;Anatidae;Haahka X kyhmyhaahka;Ejder X praktejder;SOMMOLXSOMSPE;Somateria mollissima x spectabilis;X;
94;Sorsat;Ducks;Anatidae;Haahka X isokoskelo;Ejder X storskrake;SOMMOLXMERMER;Somateria mollissima x Mergus merganser;X;
95;Sorsat;Ducks;Anatidae;Kyhmyhaahka;Praktejder;SOMSPE;Somateria spectabilis;A;
96;Sorsat;Ducks;Anatidae;Allihaahka;Alförrädare;POLSTE;Polysticta stelleri;A;
97;Sorsat;Ducks;Anatidae;Virta-alli;Strömand;HISHIS;Histrionicus histrionicus;A;
98;Sorsat;Ducks;Anatidae;Alli;Alfågel;CLAHYE;Clangula hyemalis;A;
99;Sorsat;Ducks;Anatidae;Mustalintulaji;Melanitta (släktet);MELSP;Melanitta sp;S;
100;Sorsat;Ducks;Anatidae;Mustalintu;Sjöorre;MELNIG;Melanitta nigra;A;
101;Sorsat;Ducks;Anatidae;Mustalintu (alalaji nigra);Sjöorre (rasen nigra);MELNIGNIG;Melanitta nigra nigra;R;
102;Sorsat;Ducks;Anatidae;Amerikanmustalintu;Amerikansk sjöorre;MELAME;Melanitta americana;A;
103;Sorsat;Ducks;Anatidae;Pilkkaniska;Vitnackad svärta;MELPER;Melanitta perspicillata;A;
104;Sorsat;Ducks;Anatidae;Pilkkasiipi;Svärta;MELFUS;Melanitta fusca;A;
105;Sorsat;Ducks;Anatidae;Pilkkasiipi (alalaji fusca);Svärta (rasen fusca);MELFUSFUS;Melanitta fusca fusca;R;
106;Sorsat;Ducks;Anatidae;Kyhmypilkkasiipi;Knölsvärta;MELDEG;Melanitta deglandi;A;
107;Sorsat;Ducks;Anatidae;Kyhmypilkkasiipi (alalaji stejnegeri);Knölsvärta (rasen stejnegeri);MELDEGSTE;Melanitta deglandi stejnegeri;R;
108;Sorsat;Ducks;Anatidae;Pikkutelkkä;Buffelhuvud;BUCALB;Bucephala albeola;D;
109;Sorsat;Ducks;Anatidae;Telkkä;Knipa;BUCCLA;Bucephala clangula;A;
110;Sorsat;Ducks;Anatidae;Telkkä X uivelo;Knipa X salskrake;BUCCLAXMERALB;Bucephala clangula x Mergus albellus;X;
111;Sorsat;Ducks;Anatidae;Koskelolaji;Mergus (släktet);MERSP;Mergus sp;S;
112;Sorsat;Ducks;Anatidae;Harjakoskelo;Kamskrake;MERCUC;Mergus cucullatus;D;
113;Sorsat;Ducks;Anatidae;Uivelo;Salskrake;MERALB;Mergellus albellus;A;
114;Sorsat;Ducks;Anatidae;Tukkakoskelo;Småskrake;MERSER;Mergus serrator;A;
115;Sorsat;Ducks;Anatidae;Tukkakoskelo / isokoskelo;Småskrake / storskrake;MERSER/MERMER;Mergus serrator/merganser;S;
116;Sorsat;Ducks;Anatidae;Isokoskelo;Storskrake;MERMER;Mergus merganser;A;
117;Sorsat;Ducks;Anatidae;Kuparisorsalaji;Oxyura (släktet);OXYSP;Oxyura sp;S;
118;Sorsat;Ducks;Anatidae;Kuparisorsa;Amerikansk kopparand;OXYJAM;Oxyura jamaicensis;C;
119;Sorsat;Ducks;Anatidae;Vesilinturisteymä;Sjöfågelhybrid;XV;x Vesilinturisteymä;X;
120;Sorsat;Ducks;Anatidae;Vesilintu;Sjöfågel;V;V;S;
121;Sorsat;Ducks;Anatidae;Iso vesilintu;Stor sjöfågel;IV;IV;S;
122;Sorsat;Ducks;Anatidae;Pieni vesilintu;Liten sjöfågel;PV;PV;S;
123;Metsäkanat;Grouse;Tetraonidae;Pyy;Järpe;BONBON;Bonasa bonasia;A;
124;Metsäkanat;Grouse;Tetraonidae;Riekkolaji;Lagopus (släktet);LAGSP;Lagopus sp;S;
125;Metsäkanat;Grouse;Tetraonidae;Riekko;Dalripa;LAGLAG;Lagopus lagopus;A;
126;Metsäkanat;Grouse;Tetraonidae;Kiiruna;Fjällripa;LAGMUT;Lagopus muta;A;
127;Metsäkanat;Grouse;Tetraonidae;Metsolaji;Tetrao (släktet);TETSP;Tetrao sp;S;
128;Metsäkanat;Grouse;Tetraonidae;Teeri;Orre;TETRIX;Tetrao tetrix;A;
129;Metsäkanat;Grouse;Tetraonidae;Teeri X metso;Orre X tjäder;TETRIXXTETURO;Tetrao tetrix x urogallus;X;
130;Metsäkanat;Grouse;Tetraonidae;Metso;Tjäder;TETURO;Tetrao urogallus;A;
131;Aitokanat;Pheasants, Fowl;Phasianidae;Vuoripyy;Berghöna;ALECHU;Alectoris chukar;E;
132;Aitokanat;Pheasants, Fowl;Phasianidae;Peltopyy;Rapphöna;PERPER;Perdix perdix;A;
133;Aitokanat;Pheasants, Fowl;Phasianidae;Viiriäislaji;Coturnix (släktet);COTSP;Coturnix sp;S;
134;Aitokanat;Pheasants, Fowl;Phasianidae;Viiriäinen;Vaktel;COTCOT;Coturnix coturnix;A;
135;Aitokanat;Pheasants, Fowl;Phasianidae;Japaninviiriäinen;Japansk vaktel;COTJAP;Coturnix japonicus;E;
136;Aitokanat;Pheasants, Fowl;Phasianidae;Fasaani;Fasan;PHACOL;Phasianus colchicus;C;
137;Aitokanat;Pheasants, Fowl;Phasianidae;Kultafasaani;Guldfasan;CHRPIC;Chrysolophus pictus;E;
138;Helmikanat;Guineafowl;Numididae;Helmikana;Hjälmpärlhöna;NUMMEL;Numida meleagris;E;
139;Kuikat;Divers;Gaviidae;Kuikkalaji;Gavia (släktet);GAVSP;Gavia sp;S;
140;Kuikat;Divers;Gaviidae;Kaakkuri;Smålom;GAVSTE;Gavia stellata;A;
141;Kuikat;Divers;Gaviidae;Kuikka;Storlom;GAVARC;Gavia arctica;A;
142;Kuikat;Divers;Gaviidae;Tundrakuikka;Stillahavslom;GAVPAC;Gavia pacifica;A;
143;Kuikat;Divers;Gaviidae;Amerikanjääkuikka;Svartnäbbad islom;GAVIMM;Gavia immer;A;
144;Kuikat;Divers;Gaviidae;Amerikanjääkuikka / jääkuikka;Svartnäbbad islom / vitnäbbad islom;GAVIMM/GAVADA;Gavia immer/adamsii;S;
145;Kuikat;Divers;Gaviidae;Jääkuikka;Vitnäbbad islom;GAVADA;Gavia adamsii;A;
146;Uikut;Grebes;Podicipedidae;Pikku-uikku;Smådopping;TACRUF;Tachybaptus ruficollis;A;
147;Uikut;Grebes;Podicipedidae;Uikkulaji;Podiceps (släktet);PODSP;Podiceps sp;S;
148;Uikut;Grebes;Podicipedidae;Silkkiuikku;Skäggdopping;PODCRI;Podiceps cristatus;A;
149;Uikut;Grebes;Podicipedidae;Silkkiuikku / härkälintu;Skäggdopping / gråhakedopping;PODCRI/PODGRI;Podiceps cristatus/grisegena;S;
150;Uikut;Grebes;Podicipedidae;Härkälintu;Gråhakedopping;PODGRI;Podiceps grisegena;A;
151;Uikut;Grebes;Podicipedidae;Mustakurkku-uikku;Svarthakedopping;PODAUR;Podiceps auritus;A;
152;Uikut;Grebes;Podicipedidae;Mustakurkku-uikku / mustakaulauikku;Svarthakedopping / svarthalsad dopping;PODAUR/PODNIG;Podiceps auritus/nigricollis;S;
153;Uikut;Grebes;Podicipedidae;Mustakaulauikku;Svarthalsad dopping;PODNIG;Podiceps nigricollis;A;
154;Ulappaliitäjät;Petrels, Shearwater;Procellariidae;Myrskylintu;Stormfågel;FULGLA;Fulmarus glacialis;A;
155;Ulappaliitäjät;Petrels, Shearwater;Procellariidae;Liitäjälaji;Puffinus (släktet);PUFSP;Puffinus sp;S;
156;Ulappaliitäjät;Petrels, Shearwater;Procellariidae;Nokiliitäjä;Grålira;PUFGRI;Puffinus griseus;A;
157;Ulappaliitäjät;Petrels, Shearwater;Procellariidae;Nokiliitäjä / pikkuliitäjä;Grålira / mindre lira;PUFGRI/PUFPUF;Puffinus griseus/puffinus;S;
158;Ulappaliitäjät;Petrels, Shearwater;Procellariidae;Pikkuliitäjä;Mindre lira;PUFPUF;Puffinus puffinus;A;
159;Ulappakeijut;Storm Petrels;Hydrobatidae;Merikeiju;Stormsvala;HYDPEL;Hydrobates pelagicus;A;
160;Ulappakeijut;Storm Petrels;Hydrobatidae;Merikeiju / myrskykeiju / madeirankeiju;Stormsvala / klykstjärtad stormsvala / oceanlöpare;HYDPEL/OCELEU/OCECAS;Hydrobates/Oceanodroma;S;
161;Ulappakeijut;Storm Petrels;Hydrobatidae;Keijulaji;Oceanodroma (släktet);OCEMASP;Oceanodroma sp;S;
162;Ulappakeijut;Storm Petrels;Hydrobatidae;Myrskykeiju;Klykstjärtad stormsvala;OCELEU;Oceanodroma leucorhoa;A;
163;Ulappakeijut;Storm Petrels;Hydrobatidae;Madeirankeiju;Oceanlöpare;OCECAS;Oceanodroma castro;A;
164;Suulat;Gannets;Sulidae;Suula;Havssula;MORBAS;Morus bassanus;A;
165;Merimetsot;Cormorants;Phalacrocoracidae;Merimetsolaji;Phalacrocorax (släktet);PHAAXSP;Phalacrocorax sp;S;
166;Merimetsot;Cormorants;Phalacrocoracidae;Merimetso;Storskarv;PHACAR;Phalacrocorax carbo;A;
167;Merimetsot;Cormorants;Phalacrocoracidae;Merimetso (alalaji carbo);Storskarv (rasen carbo);PHACARCAR;Phalacrocorax carbo carbo;R;
168;Merimetsot;Cormorants;Phalacrocoracidae;Merimetso (alalaji sinensis);Storskarv (rasen sinensis);PHACARSIN;Phalacrocorax carbo sinensis;R;
169;Merimetsot;Cormorants;Phalacrocoracidae;Karimetso;Toppskarv;PHAARI;Phalacrocorax aristotelis;A;
170;Pelikaanit;Pelicans;Pelecanidae;Pelikaanilaji;Pelecanus (släktet);PELECSP;Pelecanus sp;S;
171;Pelikaanit;Pelicans;Pelecanidae;Pelikaani;Vit pelikan;PELONO;Pelecanus onocrotalus;B;
172;Haikarat;Herons, Bitterns;Ardeidae;Kaulushaikaralaji;Botaurus (släktet);BOTSP;Botaurus sp;S;
173;Haikarat;Herons, Bitterns;Ardeidae;Kaulushaikara;Rördrom;BOTSTE;Botaurus stellaris;A;
174;Haikarat;Herons, Bitterns;Ardeidae;Pikkuhaikara;Dvärgrördrom;IXOMIN;Ixobrychus minutus;A;
175;Haikarat;Herons, Bitterns;Ardeidae;Yöhaikara;Natthäger;NYCNYC;Nycticorax nycticorax;A;
176;Haikarat;Herons, Bitterns;Ardeidae;Rääkkähaikaralaji;Ardeola (släktet);ARDEOSP;Ardeola sp;S;
177;Haikarat;Herons, Bitterns;Ardeidae;Rääkkähaikara;Rallhäger;ARDRAL;Ardeola ralloides;A;
178;Haikarat;Herons, Bitterns;Ardeidae;Kiinanriisihaikara;Bacchushäger;ARDBAC;Ardeola bacchus;E;
179;Haikarat;Herons, Bitterns;Ardeidae;Lehmähaikara;Kohäger;BUBIBI;Bubulcus ibis;A;
180;Haikarat;Herons, Bitterns;Ardeidae;Egretta (suku);Egretta (släktet);EGRSP;Egretta sp;S;
181;Haikarat;Herons, Bitterns;Ardeidae;Silkkihaikara;Silkeshäger;EGRGAR;Egretta garzetta;A;
182;Haikarat;Herons, Bitterns;Ardeidae;Jalohaikara;ägretthäger;EGRALB;Egretta alba;A;
183;Haikarat;Herons, Bitterns;Ardeidae;Harmaahaikaralaji;Ardea (släktet);ARDSP;Ardea sp;S;
184;Haikarat;Herons, Bitterns;Ardeidae;Harmaahaikara;Gråhäger;ARDCIN;Ardea cinerea;A;
185;Haikarat;Herons, Bitterns;Ardeidae;Ruskohaikara;Purpurhäger;ARDPUR;Ardea purpurea;A;
186;Kattohaikarat;Storks;Ciconiidae;Kattohaikaralaji;Ciconia (släktet);CICSP;Ciconia sp;S;
187;Kattohaikarat;Storks;Ciconiidae;Mustahaikara;Svart stork;CICNIG;Ciconia nigra;A;
188;Kattohaikarat;Storks;Ciconiidae;Savannihaikara;Abdimstork;CICABD;Ciconia abdimii;E;
189;Kattohaikarat;Storks;Ciconiidae;Kattohaikara;Vit stork;CICCIC;Ciconia ciconia;A;
190;;;;Kattohaikara / kurki;Vit stork / trana;CICCIC/GRUGRU;Ciconia ciconia/Grus grus;S;
191;Iibikset;Ibises, Spoonbills;Threskiornithidae;Pronssi-iibis;Bronsibis;PLEFAL;Plegadis falcinellus;A;
192;Iibikset;Ibises, Spoonbills;Threskiornithidae;Kapustahaikara;Skedstork;PLALEU;Platalea leucorodia;A;
193;Flamingot;Flamingos;Phoenicopteridae;Flamingolaji;Phoenicopterus (släktet);PHOUSSP;Phoenicopterus sp;S;
194;Flamingot;Flamingos;Phoenicopteridae;Flamingo;Större flamingo;PHOROS;Phoenicopterus roseus;D;
195;Flamingot;Flamingos;Phoenicopteridae;Pikkuflamingo;Mindre flamingo;PHOMIN;Phoenicopterus minor;E;
196;Flamingot;Flamingos;Phoenicopteridae;Chilenflamingo;Chileflamingo;PHOCHI;Phoenicopterus chilensis;E;
197;Haukat;Kites, Hawks, Eagles;Accipitridae;Mehiläishaukkalaji;Pernis (släktet);PERNISP;Pernis sp;S;
198;Haukat;Kites, Hawks, Eagles;Accipitridae;Mehiläishaukka;Bivråk;PERAPI;Pernis apivorus;A;
199;Haukat;Kites, Hawks, Eagles;Accipitridae;Haarahaukkalaji;Milvus (släktet);MILSP;Milvus sp;S;
200;Haukat;Kites, Hawks, Eagles;Accipitridae;Haarahaukka;Brun glada;MILMIG;Milvus migrans;A;
201;Haukat;Kites, Hawks, Eagles;Accipitridae;Haarahaukka X isohaarahaukka;Brun glada X röd glada;MILMIGXMILMIL;Milvus migrans x milvus;X;
202;Haukat;Kites, Hawks, Eagles;Accipitridae;Isohaarahaukka;Röd glada;MILMIL;Milvus milvus;A;
203;Haukat;Kites, Hawks, Eagles;Accipitridae;Aromerikotka;Bandhavsörn;HALHUS;Haliaeetus leucoryphus;B;
204;Haukat;Kites, Hawks, Eagles;Accipitridae;Merikotka;Havsörn;HALALB;Haliaeetus albicilla;A;
205;Haukat;Kites, Hawks, Eagles;Accipitridae;Kuningasmerikotka;Jättehavsörn;HALPEL;Haliaeetus pelagicus;E;
206;Haukat;Kites, Hawks, Eagles;Accipitridae;Pikkukorppikotka;Smutsgam;NEOPER;Neophron percnopterus;A;
207;Haukat;Kites, Hawks, Eagles;Accipitridae;Korppikotkalaji;Gyps (släktet);GYPSP;Gyps sp;S;
208;Haukat;Kites, Hawks, Eagles;Accipitridae;Hanhikorppikotka;Gåsgam;GYPFUL;Gyps fulvus;A;
209;Haukat;Kites, Hawks, Eagles;Accipitridae;Munkkikorppikotka;Grågam;AEGMON;Aegypius monachus;A;
210;Haukat;Kites, Hawks, Eagles;Accipitridae;Käärmekotka;Ormörn;CIRGAL;Circaetus gallicus;A;
211;Haukat;Kites, Hawks, Eagles;Accipitridae;Suohaukkalaji;Circus (släktet);CIRSP;Circus sp;S;
212;Haukat;Kites, Hawks, Eagles;Accipitridae;Ruskosuohaukka;Brun kärrhök;CIRAER;Circus aeruginosus;A;
213;Haukat;Kites, Hawks, Eagles;Accipitridae;Sinisuohaukka;Blå kärrhök;CIRCYA;Circus cyaneus;A;
214;Haukat;Kites, Hawks, Eagles;Accipitridae;Sinisuohaukka / arosuohaukka / niittysuohaukka;Blå kärrhök / stäpphök / ängshök;CIRCYA/CIRMAC/CIRPYG;Circus cyaneus/macrourus/pygargus;S;
215;Haukat;Kites, Hawks, Eagles;Accipitridae;Arosuohaukka;Stäpphök;CIRMAC;Circus macrourus;A;
216;Haukat;Kites, Hawks, Eagles;Accipitridae;Arosuohaukka / niittysuohaukka;Stäpphök / ängshök;CIRMAC/CIRPYG;Circus macrourus/pygargus;S;
217;Haukat;Kites, Hawks, Eagles;Accipitridae;Arosuohaukka X niittysuohaukka;Stäpphök X ängshök;CIRMACXCIRPYG;Circus macrourus x pygargus;X;
218;Haukat;Kites, Hawks, Eagles;Accipitridae;Niittysuohaukka;ängshök;CIRPYG;Circus pygargus;A;
219;Haukat;Kites, Hawks, Eagles;Accipitridae;Varpushaukkalaji;Accipiter (släktet);ACCSP;Accipites sp;S;
220;Haukat;Kites, Hawks, Eagles;Accipitridae;Kanahaukka;Duvhök;ACCGEN;Accipiter gentilis;A;
221;Haukat;Kites, Hawks, Eagles;Accipitridae;Kanahaukka (alalaji gentilis);Duvhök (rasen gentilis);ACCGENGEN;Accipiter gentilis gentilis;R;
222;Haukat;Kites, Hawks, Eagles;Accipitridae;Kanahaukka (alalaji buteoides);Duvhök (rasen buteoides);ACCGENBUT;Accipiter gentilis buteoides;R;
223;Haukat;Kites, Hawks, Eagles;Accipitridae;Varpushaukka;Sparvhök;ACCNIS;Accipiter nisus;A;
224;Haukat;Kites, Hawks, Eagles;Accipitridae;Hiirihaukkalaji;Buteo (släktet);BUTSP;Buteo sp;S;
225;Haukat;Kites, Hawks, Eagles;Accipitridae;Mehiläishaukka / hiirihaukka / piekana;Ob. vråk;PER/BUT;Pernis/Buteo;S;
226;Haukat;Kites, Hawks, Eagles;Accipitridae;Hiirihaukka;Ormvråk;BUTBUT;Buteo buteo;A;
227;Haukat;Kites, Hawks, Eagles;Accipitridae;Hiirihaukka (alalaji buteo);Ormvråk (rasen buteo);BUTBUTBUT;Buteo buteo buteo;R;
228;Haukat;Kites, Hawks, Eagles;Accipitridae;Hiirihaukka (alalaji vulpinus);Ormvråk (rasen vulpinus);BUTBUTVUL;Buteo buteo vulpinus;R;
229;Haukat;Kites, Hawks, Eagles;Accipitridae;Arohiirihaukka;örnvråk;BUTRUF;Buteo rufinus;A;
230;Haukat;Kites, Hawks, Eagles;Accipitridae;Piekana;Fjällvråk;BUTLAG;Buteo lagopus;A;
231;Haukat;Kites, Hawks, Eagles;Accipitridae;Kotkalaji (Aquila);Aquila (släktet);AQUSP;Aquila sp;S;
232;Haukat;Kites, Hawks, Eagles;Accipitridae;Pikkukiljukotka;Mindre skrikörn;AQUPOM;Aquila pomarina;A;
233;Haukat;Kites, Hawks, Eagles;Accipitridae;Pikkukiljukotka x kiljukotka;Mindre skrikörn x större skrikörn;AQUPOM X AQUCLA;Aquila pomarina x clanga;X;
234;Haukat;Kites, Hawks, Eagles;Accipitridae;Pikkukiljukotka / kiljukotka / arokotka / keisarikotka;Mindre skrikörn / större skrikörn / stäppörn / kejsarörn;AQUPOM/AQUCLA/AQUNIP/AQUHEL;Aquila pomarina/clanga/nipalensis/heliaca;S;
235;Haukat;Kites, Hawks, Eagles;Accipitridae;Pikkukiljukotka / kiljukotka / arokotka;Mindre skrikörn / större skrikörn / stäppörn;AQUPOM/AQUCLA/AQUNIP;Aquila pomarina/clanga/nipalensis;S;
236;Haukat;Kites, Hawks, Eagles;Accipitridae;Pikkukiljukotka / kiljukotka;Mindre skrikörn / större skrikörn;AQUPOM/AQUCLA;Aquila pomarina/clanga;S;
237;Haukat;Kites, Hawks, Eagles;Accipitridae;Kiljukotka;Större skrikörn;AQUCLA;Aquila clanga;A;
238;Haukat;Kites, Hawks, Eagles;Accipitridae;Arokotka;Stäppörn;AQUNIP;Aquila nipalensis;A;
239;Haukat;Kites, Hawks, Eagles;Accipitridae;Arokotka / keisarikotka;Stäppörn / kejsarörn;AQUNIP/AQUHEL;Aquila nipalensis/heliaca;S;
240;Haukat;Kites, Hawks, Eagles;Accipitridae;Keisarikotka;Kejsarörn;AQUHEL;Aquila heliaca;A;
241;Haukat;Kites, Hawks, Eagles;Accipitridae;Maakotka;Kungsörn;AQUCHR;Aquila chrysaetos;A;
242;Haukat;Kites, Hawks, Eagles;Accipitridae;Pikkukotka;Dvärgörn;AQUPEN;Aquila pennata;A;
243;Haukat;Kites, Hawks, Eagles;Accipitridae;Kotkalaji;Ob. örn;HAL/AQU;Haliaeetus/Aquila;S;
244;Sääkset;Ospreys;Pandionidae;Sääksi;Fiskgjuse;PANHAL;Pandion haliaetus;A;
245;Jalohaukat;Falcons;Falconidae;Jalohaukkalaji;Falco (släktet);FALSP;Falco sp;S;
246;Jalohaukat;Falcons;Falconidae;Pikkutuulihaukka;Rödfalk;FALNAU;Falco naumanni;A;
247;Jalohaukat;Falcons;Falconidae;Pikkutuulihaukka / tuulihaukka;Rödfalk / tornfalk;FALNAU/FALTIN;Falco naumanni/tinnunculus;S;
248;Jalohaukat;Falcons;Falconidae;Tuulihaukka;Tornfalk;FALTIN;Falco tinnunculus;A;
249;Jalohaukat;Falcons;Falconidae;Punajalkahaukka;Aftonfalk;FALVES;Falco vespertinus;A;
250;Jalohaukat;Falcons;Falconidae;Punajalkahaukka / nuolihaukka;Aftonfalk / lärkfalk;FALVES/FALSUB;Falco vespertinus/subbuteo;S;
251;Jalohaukat;Falcons;Falconidae;Ampuhaukka;Stenfalk;FALCOL;Falco columbarius;A;
252;Jalohaukat;Falcons;Falconidae;Nuolihaukka;Lärkfalk;FALSUB;Falco subbuteo;A;
253;Jalohaukat;Falcons;Falconidae;Välimerenhaukka;Eleonorafalk;FALELE;Falco eleonorae;A;
254;Jalohaukat;Falcons;Falconidae;Aavikkohaukka;Tatarfalk;FALCHE;Falco cherrug;A;
255;Jalohaukat;Falcons;Falconidae;Tunturihaukka;Jaktfalk;FALRUS;Falco rusticolus;A;
256;Jalohaukat;Falcons;Falconidae;Muuttohaukka;Pilgrimsfalk;FALPER;Falco peregrinus;A;
257;Jalohaukat;Falcons;Falconidae;Muuttohaukka (alalaji peregrinus);Pilgrimsfalk (rasen peregrinus);FALPERPER;Falco peregrinus peregrinus;R;
258;Jalohaukat;Falcons;Falconidae;Muuttohaukka (alalaji calidus);Pilgrimsfalk (rasen calidus);FALPERCAL;Falco peregrinus calidus;R;
259;Jalohaukat;Falcons;Falconidae;Pieni jalohaukka;Liten falk;PFAL;Pieni Falco;S;
260;Jalohaukat;Falcons;Falconidae;Iso jalohaukka;Stor falk;IFAL;Iso Falco;S;
261;;;;Päiväpetolintu;Dagrovfågel;P;Päiväpetolintu;S;
262;;;;Iso päiväpetolintu;Stor dagrovfågel;IP;Iso päiväpetolintu;S;
263;;;;Pieni päiväpetolintu;Liten dagrovfågel;PP;Pieni päiväpetolintu;S;
264;Rantakanat;Rails, Crakes, Coots;Rallidae;Luhtakana;Vattenrall;RALAQU;Rallus aquaticus;A;
265;Rantakanat;Rails, Crakes, Coots;Rallidae;Huittilaji;Porzana (släktet);PORSP;Porzana sp;S;
266;Rantakanat;Rails, Crakes, Coots;Rallidae;Luhtahuitti;Småfläckig sumphöna;PORPOR;Porzana porzana;A;
267;Rantakanat;Rails, Crakes, Coots;Rallidae;Amerikanhuitti;Karolinasumphöna;PORCAR;Porzana carolinensis;A;
268;Rantakanat;Rails, Crakes, Coots;Rallidae;Pikkuhuitti;Mindre sumphöna;PORPAR;Porzana parva;A;
269;Rantakanat;Rails, Crakes, Coots;Rallidae;Pikkuhuitti / kääpiöhuitti;Mindre sumphöna / dvärgsumphöna;PORPAR/PORPUS;Porzana parva/pusilla;S;
270;Rantakanat;Rails, Crakes, Coots;Rallidae;Kääpiöhuitti;Dvärgsumphöna;PORPUS;Porzana pusilla;A;
271;Rantakanat;Rails, Crakes, Coots;Rallidae;Luhtakana / huittilaji;Vattenrall / sumphöna;RAL/POR;Rallus/Porzana;S;
272;Rantakanat;Rails, Crakes, Coots;Rallidae;Ruisrääkkä;Kornknarr;CRECRE;Crex crex;A;
273;Rantakanat;Rails, Crakes, Coots;Rallidae;Liejukana;Rörhöna;GALCHL;Gallinula chloropus;A;
274;Rantakanat;Rails, Crakes, Coots;Rallidae;Liejukana / nokikana;Rörhöna / sothöna;GALCHL/FULATR;Gallinula chloropus/Fulica atra;S;
275;Rantakanat;Rails, Crakes, Coots;Rallidae;Sulttaanikanalaji;Porphyrio (släktet);PORPHSP;Porphyrio sp;S;
276;Rantakanat;Rails, Crakes, Coots;Rallidae;Kurnuliejukana;Mindre sultanhöna;PORALL;Porphyrio alleni;A;
277;Rantakanat;Rails, Crakes, Coots;Rallidae;Nokikanalaji;Fulica (släktet);FULSP;Fulica sp;S;
278;Rantakanat;Rails, Crakes, Coots;Rallidae;Nokikana;Sothöna;FULATR;Fulica atra;A;
279;Kurjet;Cranes;Gruidae;Kurki;Trana;GRUGRU;Grus grus;A;
280;Kurjet;Cranes;Gruidae;Hietakurki;Prärietrana;GRUCAN;Grus canadensis;A;
281;Kurjet;Cranes;Gruidae;Neitokurki;Jungfrutrana;GRUVIR;Grus virgo;A;
282;Trapit;Bustards;Otidae;Pikkutrappi;Småtrapp;TETRAX;Tetrax tetrax;A;
283;Trapit;Bustards;Otidae;Idänkaulustrappi;Kragtrapp;CHLMAC;Chlamydotis macqueenii;B;
284;Trapit;Bustards;Otidae;Isotrappi;Stortrapp;OTITAR;Otis tarda;B;
285;Meriharakat;Oystercatchers;Haematopodidae;Meriharakka;Strandskata;HAEOST;Haematopus ostralegus;A;
286;Avosetit;Stilts, Avocets;Recurvirostridae;Pitkäjalka;Styltlöpare;HIMHIM;Himantopus himantopus;A;
287;Avosetit;Stilts, Avocets;Recurvirostridae;Avosetti;Skärfläcka;RECAVO;Recurvirostra avosetta;A;
288;Paksujalat;Stone-Curlews;Burhinidae;Paksujalka;Tjockfot;BUROED;Burhinus oedicnemus;A;
289;Pääskykahlaajat;Coursers, Pranticoles;Glareolidae;Aavikkojuoksija;ökenlöpare;CURCUR;Cursorius cursor;A;
290;Pääskykahlaajat;Coursers, Pranticoles;Glareolidae;Kahlaajapääskylaji;Glareola (släktet);GLASP;Glareola sp;S;
291;Pääskykahlaajat;Coursers, Pranticoles;Glareolidae;Pääskykahlaaja;Rödvingad vadarsvala;GLAPRA;Glareola pratincola;A;
292;Pääskykahlaajat;Coursers, Pranticoles;Glareolidae;Aropääskykahlaaja;Svartvingad vadarsvala;GLANOR;Glareola nordmanni;A;
293;Kurmitsat;Plovers;Charadriidae;Tyllilaji;Charadrius (släktet);CHASP;Charadrius sp;S;
294;Kurmitsat;Plovers;Charadriidae;Pikkutylli;Mindre strandpipare;CHADUB;Charadrius dubius;A;
295;Kurmitsat;Plovers;Charadriidae;Pikkutylli / tylli;Mindre strandpipare / större strandpipare;CHADUB/CHAHIA;Charadrius dubius/hiaticula;S;
296;Kurmitsat;Plovers;Charadriidae;Tylli;Större strandpipare;CHAHIA;Charadrius hiaticula;A;
297;Kurmitsat;Plovers;Charadriidae;Mustajalkatylli;Svartbent strandpipare;CHAALE;Charadrius alexandrinus;A;
298;Kurmitsat;Plovers;Charadriidae;Ylänkötylli;Mongolpipare;CHAMON;Charadrius mongolus;A;
299;Kurmitsat;Plovers;Charadriidae;Ylänkötylli / aavikkotylli;Mongolpipare / ökenpipare;CHAMON/CHALES;Charadrius mongolus/leschenaultii;S;
300;Kurmitsat;Plovers;Charadriidae;Aavikkotylli;ökenpipare;CHALES;Charadrius leschenaultii;A;
301;Kurmitsat;Plovers;Charadriidae;Kaspiantylli;Kaspisk pipare;CHAASI;Charadrius asiaticus;A;
302;Kurmitsat;Plovers;Charadriidae;Gobintylli;Orientpipare;CHAVER;Charadrius veredus;A;
303;Kurmitsat;Plovers;Charadriidae;Keräkurmitsa;Fjällpipare;CHAMOR;Charadrius morinellus;A;
304;Kurmitsat;Plovers;Charadriidae;Kurmitsalaji;Pluvialis (släktet);PLUSP;Pluvialis sp;S;
305;Kurmitsat;Plovers;Charadriidae;Amerikankurmitsa;Amerikansk tundrapipare;PLUDOM;Pluvialis dominica;A;
306;Kurmitsat;Plovers;Charadriidae;Amerikankurmitsa / siperiankurmitsa;Amerikansk tundrapipare / sibirisk tundrapipare;PLUDOM/PLUFUL;Pluvialis dominica/fulva;S;
307;Kurmitsat;Plovers;Charadriidae;Siperiankurmitsa;Sibirisk tundrapipare;PLUFUL;Pluvialis fulva;A;
308;Kurmitsat;Plovers;Charadriidae;Kapustarinta;Ljungpipare;PLUAPR;Pluvialis apricaria;A;
309;Kurmitsat;Plovers;Charadriidae;Tundrakurmitsa;Kustpipare;PLUSQU;Pluvialis squatarola;A;
310;Kurmitsat;Plovers;Charadriidae;Arohyyppä;Stäppvipa;VANGRE;Vanellus gregarius;A;
311;Kurmitsat;Plovers;Charadriidae;Suohyyppä;Sumpvipa;VANLEU;Vanellus leucurus;A;
312;Kurmitsat;Plovers;Charadriidae;Töyhtöhyyppä;Tofsvipa;VANVAN;Vanellus vanellus;A;
313;Kurpat;Sandpipers, Snipes;Scolopacidae;Sirrilaji;Calidris (släktet);CALSP;Calidris sp;S;
314;Kurpat;Sandpipers, Snipes;Scolopacidae;Isosirri;Kustsnäppa;CALCAN;Calidris canutus;A;
315;Kurpat;Sandpipers, Snipes;Scolopacidae;Isosirri / kuovisirri;Kustsnäppa / spovsnäppa;CALCAN/CALFER;Calidris canutus/ferruginea;S;
316;Kurpat;Sandpipers, Snipes;Scolopacidae;Pulmussirri;Sandlöpare;CALALB;Calidris alba;A;
317;Kurpat;Sandpipers, Snipes;Scolopacidae;Rusokaulasirri;Rödhalsad snäppa;CALLIS;Calidris ruficollis;A;
318;Kurpat;Sandpipers, Snipes;Scolopacidae;Pikkusirri;Småsnäppa;CALUTA;Calidris minuta;A;
319;Kurpat;Sandpipers, Snipes;Scolopacidae;Pikkusirri / lapinsirri;Småsnäppa / mosnäppa;CALUTA/CALTEM;Calidris minuta/temminckii;S;
320;Kurpat;Sandpipers, Snipes;Scolopacidae;Lapinsirri;Mosnäppa;CALTEM;Calidris temminckii;A;
321;Kurpat;Sandpipers, Snipes;Scolopacidae;Siperiansirri;Långtåsnäppa;CALSUB;Calidris subminuta;A;
322;Kurpat;Sandpipers, Snipes;Scolopacidae;Amerikansirri;Dvärgsnäppa;CALLLA;Calidris minutilla;B;
323;Kurpat;Sandpipers, Snipes;Scolopacidae;Valkoperäsirri;Vitgumpsnäppa;CALFUS;Calidris fuscicollis;A;
324;Kurpat;Sandpipers, Snipes;Scolopacidae;Eskimosirri;Gulbröstad snäppa;CALBAI;Calidris bairdii;A;
325;Kurpat;Sandpipers, Snipes;Scolopacidae;Palsasirri;Tuvsnäppa;CALMEL;Calidris melanotos;A;
326;Kurpat;Sandpipers, Snipes;Scolopacidae;Suippopyrstösirri;Spetsstjärtad snäppa;CALACU;Calidris acuminata;A;
327;Kurpat;Sandpipers, Snipes;Scolopacidae;Kuovisirri;Spovsnäppa;CALFER;Calidris ferruginea;A;
328;Kurpat;Sandpipers, Snipes;Scolopacidae;Pitkäkoipisirri;Styltsnäppa;CALHIM;Calidris himantopus;A;
329;Kurpat;Sandpipers, Snipes;Scolopacidae;Merisirri;Skärsnäppa;CALMAR;Calidris maritima;A;
330;Kurpat;Sandpipers, Snipes;Scolopacidae;Suosirri;Kärrsnäppa;CALALP;Calidris alpina;A;
331;Kurpat;Sandpipers, Snipes;Scolopacidae;Etelänsuosirri;Kärrsnäppa (rasen schinzii);CALALPSCH;Calidris alpina schinzii;R;
332;Kurpat;Sandpipers, Snipes;Scolopacidae;Suosirri (alalaji alpina);Kärrsnäppa (rasen alpina);CALALPALP;Calidris alpina alpina;R;
333;Kurpat;Sandpipers, Snipes;Scolopacidae;Jänkäsirriäinen;Myrsnäppa;LIMFAL;Limicola falcinellus;A;
334;Kurpat;Sandpipers, Snipes;Scolopacidae;Tundravikla;Prärielöpare;TRYSUB;Tryngites subruficollis;A;
335;Kurpat;Sandpipers, Snipes;Scolopacidae;Suokukko;Brushane;PHIPUG;Philomachus pugnax;A;
336;Kurpat;Sandpipers, Snipes;Scolopacidae;Jänkäkurppa;Dvärgbeckasin;LYMMIN;Lymnocryptes minimus;A;
337;Kurpat;Sandpipers, Snipes;Scolopacidae;Taivaanvuohilaji;Gallinago (släktet);GALSP;Gallinago sp;S;
338;Kurpat;Sandpipers, Snipes;Scolopacidae;Taivaanvuohi;Enkelbeckasin;GALGAL;Gallinago gallinago;A;
339;Kurpat;Sandpipers, Snipes;Scolopacidae;Siperiankurppa;Taigabeckasin;GALMEG;Gallinago megala;A;
340;Kurpat;Sandpipers, Snipes;Scolopacidae;Amerikantaivaanvuohi;Wilsonbeckasin;GALDEL;Gallinago delicata;A;
341;Kurpat;Sandpipers, Snipes;Scolopacidae;Heinäkurppa;Dubbelbeckasin;GALMED;Gallinago media;A;
342;Kurpat;Sandpipers, Snipes;Scolopacidae;Jänkäkurppa / taivaanvuohi / heinäkurppa;Ob. beckasin;LYM/GAL;Lymnocryptes/Gallinago;S;
343;Kurpat;Sandpipers, Snipes;Scolopacidae;Kurppelolaji;Limnodromus (släktet);LIMNOSP;Limnodromus sp;S;
344;Kurpat;Sandpipers, Snipes;Scolopacidae;Tundrakurppelo;Större beckasinsnäppa;LIMSCO;Limnodromus scolopaceus;A;
345;Kurpat;Sandpipers, Snipes;Scolopacidae;Lehtokurppa;Morkulla;SCORUS;Scolopax rusticola;A;
346;Kurpat;Sandpipers, Snipes;Scolopacidae;Kuirilaji;Limosa (släktet);LIMSP;Limosa sp;S;
347;Kurpat;Sandpipers, Snipes;Scolopacidae;Mustapyrstökuiri;Rödspov;LIMLIM;Limosa limosa;A;
348;Kurpat;Sandpipers, Snipes;Scolopacidae;Mustapyrstökuiri (alalaji islandica);Rödspov (rasen islandica);LIMLIMISL;Limosa limosa islandica;R;
349;Kurpat;Sandpipers, Snipes;Scolopacidae;Punakuiri;Myrspov;LIMLAP;Limosa lapponica;A;
350;Kurpat;Sandpipers, Snipes;Scolopacidae;Kuovilaji;Numenius (släktet);NUMSP;Numenius sp;S;
351;Kurpat;Sandpipers, Snipes;Scolopacidae;Taigakuovi;Dvärgspov;NUMMIN;Numenius minutus;A;
352;Kurpat;Sandpipers, Snipes;Scolopacidae;Pikkukuovi;Småspov;NUMPHA;Numenius phaeopus;A;
353;Kurpat;Sandpipers, Snipes;Scolopacidae;Kuovi;Storspov;NUMARQ;Numenius arquata;A;
354;Kurpat;Sandpipers, Snipes;Scolopacidae;Kuirilaji / kuovilaji;Ob. spov;LIM/NUM;Limosa/Numenius;S;
355;Kurpat;Sandpipers, Snipes;Scolopacidae;Viklolaji;Tringa (släktet);TRISP;Tringa sp;S;
356;Kurpat;Sandpipers, Snipes;Scolopacidae;Mustaviklo;Svartsnäppa;TRIERY;Tringa erythropus;A;
357;Kurpat;Sandpipers, Snipes;Scolopacidae;Punajalkaviklo;Rödbena;TRITOT;Tringa totanus;A;
358;Kurpat;Sandpipers, Snipes;Scolopacidae;Lampiviklo;Dammsnäppa;TRISTA;Tringa stagnatilis;A;
359;Kurpat;Sandpipers, Snipes;Scolopacidae;Valkoviklo;Gluttsnäppa;TRINEB;Tringa nebularia;A;
360;Kurpat;Sandpipers, Snipes;Scolopacidae;Keltajalkaviklo;Mindre gulbena;TRIFLA;Tringa flavipes;A;
361;Kurpat;Sandpipers, Snipes;Scolopacidae;Metsäviklo;Skogssnäppa;TRIOCH;Tringa ochropus;A;
362;Kurpat;Sandpipers, Snipes;Scolopacidae;Liro;Grönbena;TRIGLA;Tringa glareola;A;
363;Kurpat;Sandpipers, Snipes;Scolopacidae;Rantakurvi;Tereksnäppa;XENCIN;Xenus cinereus;A;
364;Kurpat;Sandpipers, Snipes;Scolopacidae;Rantasipilaji;Actitis (släktet);ACTSP;Actitis sp;S;
365;Kurpat;Sandpipers, Snipes;Scolopacidae;Rantasipi;Drillsnäppa;ACTHYP;Actitis hypoleucos;A;
366;Kurpat;Sandpipers, Snipes;Scolopacidae;Amerikansipi;Fläckdrillsnäppa;ACTMAC;Actitis macularius;A;
367;Kurpat;Sandpipers, Snipes;Scolopacidae;Preeriaviklo;Willetsnäppa;CATSEM;Catoptrophorus semipalmatus;A;
368;Kurpat;Sandpipers, Snipes;Scolopacidae;Karikukko;Roskarl;AREINT;Arenaria interpres;A;
369;Kurpat;Sandpipers, Snipes;Scolopacidae;Vesipääskylaji;Phalaropus (släktet);PHAUSSP;Phalaropus sp;S;
370;Kurpat;Sandpipers, Snipes;Scolopacidae;Amerikanvesipääsky;Wilsonsimsnäppa;PHATRI;Phalaropus tricolor;A;
371;Kurpat;Sandpipers, Snipes;Scolopacidae;Vesipääsky;Smalnäbbad simsnäppa;PHALOB;Phalaropus lobatus;A;
372;Kurpat;Sandpipers, Snipes;Scolopacidae;Vesipääsky / isovesipääsky;Smalnäbbad simsnäppa / brednäbbad simsnäppa;PHALOB/PHAFUL;Phalaropus lobatus/fulicarius;S;
373;Kurpat;Sandpipers, Snipes;Scolopacidae;Isovesipääsky;Brednäbbad simsnäppa;PHAFUL;Phalaropus fulicarius;A;
374;;;;Kahlaajaristeymä;Vadarhybrid;XK;X Kahlaajaristeymä;X;
375;;;;Kahlaaja;Ob. vadare;K;Kahlaaja;S;
376;;;;Iso kahlaaja;Stor vadare;IK;Iso kahlaaja;S;
377;;;;Keskikokoinen kahlaaja;Medelstor vadare;KK;Keskikokoinen kahlaaja;S;
378;;;;Pieni kahlaaja;Liten vadare;PK;Pieni kahlaaja;S;
379;;;;Keskikokoinen / iso kahlaaja;Medelstor / stor vadare;KK/IK;Keskikokoinen / iso kahlaaja;S;
380;;;;Pieni / keskikokoinen kahlaaja;Liten / medelstor vadare;PK/KK;Pieni / keskikokoinen kahlaaja;S;
381;Kihut;Skuas;Stercorariidae;Kihulaji;Stercorarius (släktet);STERCSP;Stercorarius sp;S;
382;Kihut;Skuas;Stercorariidae;Leveäpyrstökihu;Bredstjärtad labb;STEPOM;Stercorarius pomarinus;A;
383;Kihut;Skuas;Stercorariidae;Leveäpyrstökihu / merikihu;Bredstjärtad labb / kustlabb;STEPOM/STECUS;Stercorarius pomarinus/parasiticus;S;
384;Kihut;Skuas;Stercorariidae;Merikihu;Kustlabb;STECUS;Stercorarius parasiticus;A;
385;Kihut;Skuas;Stercorariidae;Tunturikihu;Fjällabb;STELON;Stercorarius longicaudus;A;
386;Kihut;Skuas;Stercorariidae;Isokihu;Storlabb;STESKU;Stercorarius skua;A;
387;Lokit;Gulls;Laridae;Lokkilaji;Larus (släktet);LARSP;Larus sp;S;
388;Lokit;Gulls;Laridae;Mustanmerenlokki;Svarthuvad mås;LARMEL;Larus melanocephalus;A;
389;Lokit;Gulls;Laridae;Nokisiipilokki;Sotvingad mås;LARATR;Larus atricilla;A;
390;Lokit;Gulls;Laridae;Preerianaurulokki;Präriemås;LARPIP;Larus pipixcan;A;
391;Lokit;Gulls;Laridae;Pikkulokki;Dvärgmås;HYDMIN;Hydrocoloeus minutus;A;
392;Lokit;Gulls;Laridae;Pikkulokki / pikkukajava;Dvärgmås / tretåig mås;LARMIN/RISTRI;Hydrocoloeus minutus/Rissa tridactyla;S;
393;Lokit;Gulls;Laridae;Tiiralokki;Tärnmås;XEMSAB;Xema sabini;A;
394;Lokit;Gulls;Laridae;Naurulokki;Skrattmås;LARRID;Larus ridibundus;A;
395;Lokit;Gulls;Laridae;Kaitanokkalokki;Långnäbbad mås;LARGEN;Larus genei;A;
396;Lokit;Gulls;Laridae;Välimerenlokki;Rödnäbbad trut;LARAUD;larus audouinii;A;
397;Lokit;Gulls;Laridae;Kalalokki;Fiskmås;LARCAN;Larus canus;A;
398;Lokit;Gulls;Laridae;Kalalokki (alalaji canus);Fiskmås (rasen canus);LARCANCAN;Larus canus canus;R;
399;Lokit;Gulls;Laridae;Kalalokki (alalaji heinei);Fiskmås (rasen heinei);LARCANHEI;Larus canus heinei;R;
400;Lokit;Gulls;Laridae;Kalalokki / harmaalokki;Fiskmås / gråtrut;LARCAN/LARARG;Larus canus/argentatus;S;
401;Lokit;Gulls;Laridae;Selkälokki;Silltrut;LARFUS;Larus fuscus;A;
402;Lokit;Gulls;Laridae;Selkälokki (alalaji graellsii);Silltrut (rasen graellsii);LARFUSGRA;Larus fuscus graellsii;R;
403;Lokit;Gulls;Laridae;Selkälokki (alalaji intermedius);Silltrut (rasen intermedius);LARFUSINT;Larus fuscus intermedius;R;
404;Lokit;Gulls;Laridae;Selkälokki (alalaji fuscus);Silltrut (rasen fuscus);LARFUSFUS;Larus fuscus fuscus;R;
405;Lokit;Gulls;Laridae;Selkälokki (alalaji heuglini);Silltrut (rasen heuglini);LARFUSHEU;Larus fuscus heuglini;R;
406;Lokit;Gulls;Laridae;Selkälokki / merilokki;Silltrut / havstrut;LARFUS/LARMAR;Larus fuscus/marinus;S;
407;Lokit;Gulls;Laridae;Selkälokki (alalaji graellsii) / selkälokki (alalaji intermedius) / selkälokki (alalaji heuglini);Silltrut (rasen graellsii) / silltrut (rasen intermedius) / silltrut (rasen heuglini);LARFUSGRA/LARFUSINT/LARFUSHEU;Larus fuscus graellsii/intermedius/heuglini;S;
408;Lokit;Gulls;Laridae;Selkälokki (alalaji graellsii) / selkälokki (alalaji intermedius);Silltrut (rasen graellsii) / silltrut (rasen intermedius);LARFUSGRA/LARFUSINT;Larus fuscus graellsii/intermedius;S;
409;Lokit;Gulls;Laridae;Selkälokki X harmaalokki;Silltrut X gråtrut;LARFUSXLARARG;Larus fuscus x argentatus;X;
410;Lokit;Gulls;Laridae;Harmaalokki;Gråtrut;LARARG;Larus argentatus;A;
411;Lokit;Gulls;Laridae;Harmaalokki / aroharmaalokki;Gråtrut / kaspisk trut;LARARG/LARCAC;Larus argentatus x cachinnans;X;
412;Lokit;Gulls;Laridae;Harmaalokki X grönlanninlokki;Gråtrut X vitvingad trut;LARARGXLARGLA;Larus argentatus x glaucoides;X;
413;Lokit;Gulls;Laridae;Harmaalokki X isolokki;Gråtrut X vittrut;LARARGXLARHYP;Larus argentatus x hyperboreus;X;
414;Lokit;Gulls;Laridae;Harmaalokki X merilokki;Gråtrut X havstrut;LARARGXLARMAR;Larus argentatus x marinus;X;
415;Lokit;Gulls;Laridae;Etelänharmaalokki;Medelhavstrut;LARMIC;Larus michahellis;A;
416;Lokit;Gulls;Laridae;Aroharmaalokki;Kaspisk trut;LARCAC;Larus cachinnans;A;
417;Lokit;Gulls;Laridae;Grönlanninlokki;Vitvingad trut;LARGLA;Larus glaucoides;A;
418;Lokit;Gulls;Laridae;Grönlanninlokki (alalaji glaucoides);Vitvingad trut (rasen glaucoides);LARGLAGLA;Larus glaucoides glaucoides;R;
419;Lokit;Gulls;Laridae;Grönlanninlokki (alalaji kumlieni);Vitvingad trut (rasen kumlieni);LARGLAKUM;Larus glaucoides kumlieni;R;
420;Lokit;Gulls;Laridae;Grönlanninlokki / isolokki;Vitvingad trut / vittrut;LARGLA/LARHYP;Larus glaucoides/hyperboreus;S;
421;Lokit;Gulls;Laridae;Isolokki;Vittrut;LARHYP;Larus hyperboreus;A;
422;Lokit;Gulls;Laridae;Merilokki;Havstrut;LARMAR;Larus marinus;A;
423;Lokit;Gulls;Laridae;Merilokki / harmaalokki / selkälokki / isolokki;Ob. trut;ILAR;Iso Larus;S;
424;Lokit;Gulls;Laridae;Ruusulokki;Rosenmås;RHOROS;Rhodostethia rosea;A;
425;Lokit;Gulls;Laridae;Pikkukajava;Tretåig mås;RISTRI;Rissa tridactyla;A;
426;Lokit;Gulls;Laridae;Kalalokki / naurulokki / pikkulokki / pikkukajava;Ob. mås;PLAR;Pieni Larus;S;
427;Lokit;Gulls;Laridae;Jäälokki;Ismås;PAGEBU;Pagophila eburnea;A;
428;Lokit;Gulls;Laridae;Lokkiristeymä;Mås- / truthybrid;XLAR;x Larus;X;
429;Tiirat;Terns;Sternidae;Tiira;Ob. tärna;STERNSP/CHLSP;Sterna sp/Chlidonias sp;S;
430;Tiirat;Terns;Sternidae;Tiiralaji (Sterna);Sterna (släktet);STERNSP;Sterna sp;S;
431;Tiirat;Terns;Sternidae;Hietatiira;Sandtärna;STENIL;Sterna nilotica;A;
432;Tiirat;Terns;Sternidae;Hietatiira / riuttatiira;Sandtärna / kentsk tärna;STENIL/STESAN;Sterrna nilotica/sandvicensis;S;
433;Tiirat;Terns;Sternidae;Räyskä;Skräntärna;HYDCAS;Hydroprogne caspia;A;
434;Tiirat;Terns;Sternidae;Riuttatiira;Kentsk tärna;STESAN;Sterna sandvicensis;A;
435;Tiirat;Terns;Sternidae;Kalatiira;Fisktärna;STEHIR;Sterna hirundo;A;
436;Tiirat;Terns;Sternidae;Kalatiira / lapintiira;Fisktärna / silvertärna;STEHIR/STEAEA;Sterna hirundo/paradisaea;S;
437;Tiirat;Terns;Sternidae;Lapintiira;Silvertärna;STEAEA;Sterna paradisaea;A;
438;Tiirat;Terns;Sternidae;Pikkutiira;Småtärna;STEALB;Sternula albifrons;A;
439;Tiirat;Terns;Sternidae;Mustatiiralaji;Chlidonias (släktet);CHLSP;Chlidonias sp;S;
440;Tiirat;Terns;Sternidae;Valkoposkitiira;Skäggtärna;CHLHYB;Chlidonias hybrida;A;
441;Tiirat;Terns;Sternidae;Mustatiira;Svarttärna;CHLNIG;Chlidonias niger;A;
442;Tiirat;Terns;Sternidae;Valkosiipitiira;Vitvingad tärna;CHLLEU;Chlidonias leucopterus;A;
443;Ruokit;Auks;Alcidae;Etelänkiisla;Sillgrissla;URIAAL;Uria aalge;A;
444;Ruokit;Auks;Alcidae;Pohjankiisla;Spetsbergsgrissla;URILOM;Uria lomvia;A;
445;Ruokit;Auks;Alcidae;Ruokki;Tordmule;ALCTOR;Alca torda;A;
446;Ruokit;Auks;Alcidae;Kiislalaji / ruokki;Ob. alka;URI/ALC;Uria/Alca;S;
447;Ruokit;Auks;Alcidae;Riskilä;Tobisgrissla;CEPGRY;Cepphus grylle;A;
448;Ruokit;Auks;Alcidae;Pikkuruokki;Alkekung;ALLALL;Alle alle;A;
449;Ruokit;Auks;Alcidae;Lunni;Lunnefågel;FRAARC;Fratercula arctica;A;
450;Hietakyyhkyt;Sandgrouse;Pteroclididae;Arokyyhky;Stäppflyghöna;SYRPAR;Syrrhaptes paradoxus;A;
451;Kyyhkyt;Doves, Pigeons;Columbidae;Columba (suku);Columba (släktet);COLSP;Columba sp;S;
452;Kyyhkyt;Doves, Pigeons;Columbidae;Kesykyyhky;Klippduva;COLLIV;Columba livia;C;
453;Kyyhkyt;Doves, Pigeons;Columbidae;Uuttukyyhky;Skogsduva;COLOEN;Columba oenas;A;
454;Kyyhkyt;Doves, Pigeons;Columbidae;Sepelkyyhky;Ringduva;COLPAL;Columba palumbus;A;
455;Kyyhkyt;Doves, Pigeons;Columbidae;Streptopelia (suku);Streptopelia (släktet);STREPSP;Streptopelia sp;S;
456;Kyyhkyt;Doves, Pigeons;Columbidae;Turkinkyyhky;Turkduva;STRDEC;Streptopelia decaocto;A;
457;Kyyhkyt;Doves, Pigeons;Columbidae;Turkinkyyhky X turturikyyhky;Turkduva X turturduva;STRDECXSTRTUR;Streptopelia decaocto x turtur;X;
458;Kyyhkyt;Doves, Pigeons;Columbidae;Turturikyyhky;Turturduva;STRTUR;Streptopelia turtur;A;
459;Kyyhkyt;Doves, Pigeons;Columbidae;Idänturturikyyhky;Större turturduva;STRORI;Streptopelia orientalis;A;
460;Kyyhkyt;Doves, Pigeons;Columbidae;Idänturturikyyhky (alalaji meena);Större turturduva (rasen meena);STRORIMEE;Streptopelia orientalis meena;R;
461;Kyyhkyt;Doves, Pigeons;Columbidae;Idänturturikyyhky (alalaji orientalis);Större turturduva (rasen orientalis);STRORIORI;Streptopelia orientalis orientalis;R;
462;Kyyhkyt;Doves, Pigeons;Columbidae;Palmukyyhky;Palmduva;STRSEN;Streptopelia senegalensis;E;
463;Papukaijat;Cockatoos, Parrots;Psittacidae;Kauluskaija;Halsbandsparakit;PSIKRA;Psittacula krameri;E;
464;Käet;Cuckoos;Cuculidae;Jakobiinikäki;Jakobinskatgök;CLAJAC;Clamator jacobinus;E;
465;Käet;Cuckoos;Cuculidae;Harakkakäki;Skatgök;CLAGLA;Clamator glandarius;B;
466;Käet;Cuckoos;Cuculidae;Käkilaji;Cuculus (släktet);CUCSP;Cuculus sp;S;
467;Käet;Cuckoos;Cuculidae;Käki;Gök;CUCCAN;Cuculus canorus;A;
468;Tornipöllöt;Barn Owls;Tytonidae;Tornipöllö;Tornuggla;TYTALB;Tyto alba;A;
469;Tornipöllöt;Barn Owls;Tytonidae;Tornipöllö (alalaji alba);Tornuggla (rasen alba);TYTALBALB;Tyto alba alba;R;
470;Tornipöllöt;Barn Owls;Tytonidae;Tornipöllö (alalaji guttata);Tornuggla (rasen guttata);TYTALBGUT;Tyto alba guttata;R;
471;Pöllöt;Owls;Strigidae;Kyläpöllönen;Dvärguv;OTUSCO;Otus scops;A;
472;Pöllöt;Owls;Strigidae;Huuhkaja;Berguv;BUBBUB;Bubo bubo;A;
473;Pöllöt;Owls;Strigidae;Tunturipöllö;Fjälluggla;BUBSCA;Bubo scandiacus;A;
474;Pöllöt;Owls;Strigidae;Hiiripöllö;Hökuggla;SURULU;Surnia ulula;A;
475;Pöllöt;Owls;Strigidae;Varpuspöllö;Sparvuggla;GLAPAS;Glaucidium passerinum;A;
476;Pöllöt;Owls;Strigidae;Minervanpöllö;Minervauggla;ATHNOC;Athene noctua;A;
477;Pöllöt;Owls;Strigidae;Viirupöllölaji;Strix (släktet);STRIXSP;Strix sp;S;
478;Pöllöt;Owls;Strigidae;Lehtopöllö;Kattuggla;STRALU;Strix aluco;A;
479;Pöllöt;Owls;Strigidae;Viirupöllö;Slaguggla;STRURA;Strix uralensis;A;
480;Pöllöt;Owls;Strigidae;Viirupöllö / lapinpöllö;Slaguggla / lappuggla;STRURA/STRNEB;Strix uralensis/nebulosa;S;
481;Pöllöt;Owls;Strigidae;Lapinpöllö;Lappuggla;STRNEB;Strix nebulosa;A;
482;Pöllöt;Owls;Strigidae;Sarvipöllölaji;Asio (släktet);ASISP;Asio sp;S;
483;Pöllöt;Owls;Strigidae;Sarvipöllö;Hornuggla;ASIOTU;Asio otus;A;
484;Pöllöt;Owls;Strigidae;Suopöllö;Jorduggla;ASIFLA;Asio flammeus;A;
485;Pöllöt;Owls;Strigidae;Helmipöllö;Pärluggla;AEGFUN;Aegolius funereus;A;
486;Pöllöt;Owls;Strigidae;Iso pöllö;Stor uggla;IPÖL;Iso pöllö;S;
487;Pöllöt;Owls;Strigidae;Keskikokoinen pöllö;Medelstor uggla;KPÖL;Keskikokoinen pöllö;S;
488;Pöllöt;Owls;Strigidae;Pieni pöllö;Liten uggla;PPÖL;Pieni pöllö;S;
489;Pöllöt;Owls;Strigidae;Pöllö;Ob. uggla;PÖL;Pöllö;S;
490;Kehrääjät;Nightjars;Caprimulgidae;Kehrääjä;Nattskärra;CAPEUR;Caprimulgus europaeus;A;
491;Kiitäjät;Swifts;Apodidae;Piikkikiitäjälaji;Hirundapus (släktet);HIRUSSP;Hirundapus sp;S;
492;Kiitäjät;Swifts;Apodidae;Piikkipyrstökiitäjä;Taggstjärtseglare;HIRCAU;Hirundapus caudacutus;A;
493;Kiitäjät;Swifts;Apodidae;Tervakiitäjälaji;Apus (släktet);APUSP;Apus sp;S;
494;Kiitäjät;Swifts;Apodidae;Alppikiitäjä;Alpseglare;APUMEL;Apus melba;A;
495;Kiitäjät;Swifts;Apodidae;Tervapääsky;Tornseglare;APUAPU;Apus apus;A;
496;Kiitäjät;Swifts;Apodidae;Vaaleakiitäjä;Blek tornseglare;APUPAL;Apus pallidus;A;
497;Kiitäjät;Swifts;Apodidae;Kafferikiitäjä;Kafferseglare;APUCAF;Apus caffer;A;
498;Kuningaskalastajat;Kingfishers;Alcedinidae;Kuningaskalastaja;Kungsfiskare;ALCATT;Alcedo atthis;A;
499;Mehiläissyöjät;Bee-eaters;Meropidae;Mehiläissyöjälaji;Merops (släktet);MEROPSP;Merops sp;S;
500;Mehiläissyöjät;Bee-eaters;Meropidae;Vihermehiläissyöjä;Grön biätare;MERPER;Merops persicus;A;
501;Mehiläissyöjät;Bee-eaters;Meropidae;Mehiläissyöjä;Biätare;MERAPI;Merops apiaster;A;
502;Sininärhet;Rollers;Coraciidae;Sininärhi;Blåkråka;CORGAR;Coracias garrulus;A;
503;Harjalinnut;Hoopoes;Upupidae;Harjalintu;Härfågel;UPUEPO;Upupa epops;A;
504;Tikat;Woodpeckers;Picidae;Käenpiika;Göktyta;JYNTOR;Jynx torquilla;A;
505;Tikat;Woodpeckers;Picidae;Vihertikkalaji;Picus (släktet);PICUSSP;Picus sp;S;
506;Tikat;Woodpeckers;Picidae;Harmaapäätikka;Gråspett;PICCAN;Picus canus;A;
507;Tikat;Woodpeckers;Picidae;Harmaapäätikka / vihertikka;Gråspett / gröngöling;PICCAN/PICVIR;Picus canus/viridis;S;
508;Tikat;Woodpeckers;Picidae;Vihertikka;Gröngöling;PICVIR;Picus viridis;A;
509;Tikat;Woodpeckers;Picidae;Palokärki;Spillkråka;DRYMAR;Dryocopus martius;A;
510;Tikat;Woodpeckers;Picidae;Kirjotikkalaji;Dendrocopos (släktet);DENSP;Dendrocopos sp;S;
511;Tikat;Woodpeckers;Picidae;Käpytikka;Större hackspett;DENMAJ;Dendrocopos major;A;
512;Tikat;Woodpeckers;Picidae;Käpytikka X valkoselkätikka;Större hackspett X vitryggig hackspett;DENMAJXDENLEU;Dendrocopos major x leucotos;X;
513;Tikat;Woodpeckers;Picidae;Tammitikka;Mellanspett;DENMED;Dendrocopos medius;A;
514;Tikat;Woodpeckers;Picidae;Valkoselkätikka;Vitryggig hackspett;DENLEU;Dendrocopos leucotos;A;
515;Tikat;Woodpeckers;Picidae;Valkoselkätikka / pikkutikka;Vitryggig hackspett / mindre hackspett;DENLEU/DENMIN;Dendrocopos leucotos/minor;S;
516;Tikat;Woodpeckers;Picidae;Pikkutikka;Mindre hackspett;DENMIN;Dendrocopos minor;A;
517;Tikat;Woodpeckers;Picidae;Pohjantikka;Tretåig hackspett;PICTRI;Picoides tridactylus;A;
518;Tikat;Woodpeckers;Picidae;Keskikokoinen tikka;Medelstor hackspett;KT;Keskikokoinen tikka;S;
519;Kiurut;Larks;Alaudidae;Isokiurulaji;Melanocorypha (släktet);MELHASP;Melanocorypha sp;S;
520;Kiurut;Larks;Alaudidae;Arokiuru;Kalanderlärka;MELCAL;Melanocorypha calandra;A;
521;Kiurut;Larks;Alaudidae;Arokiuru / ylänkökiuru;Kalanderlärka / asiatisk kalanderlärka;MELCAL/MELBIM;Melanocorypha calandra/bimaculata;S;
522;Kiurut;Larks;Alaudidae;Ylänkökiuru;Asiatisk kalanderlärka;MELBIM;Melanocorypha bimaculata;A;
523;Kiurut;Larks;Alaudidae;Valkosiipikiuru;Vitvingad lärka;MELLEU;Melanocorypha leucoptera;A;
524;Kiurut;Larks;Alaudidae;Mustakiuru;Svartlärka;MELYEL;Melanocorypha yeltoniensis;A;
525;Kiurut;Larks;Alaudidae;Hietakiurulaji;Calandrella (släktet);CALANSP;Calandrella sp;S;
526;Kiurut;Larks;Alaudidae;Lyhytvarvaskiuru;Korttålärka;CALBRA;Calandrella brachydactyla;A;
527;Kiurut;Larks;Alaudidae;Pikkukiuru;Dvärglärka;CALENS;Calandrella rufescens;A;
528;Kiurut;Larks;Alaudidae;Töyhtökiurulaji;Galerida (släktet);GALERSP;Galerida sp;S;
529;Kiurut;Larks;Alaudidae;Töyhtökiuru;Tofslärka;GALCRI;Galerida cristata;A;
530;Kiurut;Larks;Alaudidae;Kangaskiuru;Trädlärka;LULARB;Lullula arborea;A;
531;Kiurut;Larks;Alaudidae;Kiurulaji (Alauda);Alauda (släktet);ALASP;Alauda sp;S;
532;Kiurut;Larks;Alaudidae;Kiuru;Sånglärka;ALAARV;Alauda arvensis;A;
533;Kiurut;Larks;Alaudidae;Tunturikiuru;Berglärka;EREALP;Eremophila alpestris;A;
534;Pääskyt;Swallows, Martins;Hirundinidae;Törmäpääsky;Backsvala;RIPRIP;Riparia riparia;A;
535;Pääskyt;Swallows, Martins;Hirundinidae;Kalliopääsky;Klippsvala;PTYRUP;Ptyonoprogne rupestris;A;
536;Pääskyt;Swallows, Martins;Hirundinidae;Haarapääskylaji;Hirundo (släktet);HIRSP;Hirundo sp;S;
537;Pääskyt;Swallows, Martins;Hirundinidae;Haarapääsky;Ladusvala;HIRRUS;Hirundo rustica;A;
538;Pääskyt;Swallows, Martins;Hirundinidae;Haarapääsky / räystäspääsky;Ladusvala / hussvala;HIRRUS/DELURB;Hirundo rustica/Delichon urbicum;S;
539;Pääskyt;Swallows, Martins;Hirundinidae;Haarapääsky X räystäspääsky;Ladusvala X hussvala;HIRRUSXDELURB;Hirundo rustica x Delichon urbicum;X;
540;Pääskyt;Swallows, Martins;Hirundinidae;Ruostepääsky;Rostgumpsvala;CECDAU;Cecropis daurica;A;
541;Pääskyt;Swallows, Martins;Hirundinidae;Räystäspääsky;Hussvala;DELURB;Delichon urbicum;A;
542;Pääskyt;Swallows, Martins;Hirundinidae;Pääsky;Ob. svala;RIP/HIR/DEL;Riparia/Hirundo/Delichon;S;
543;Västäräkit;Wagtails, Pipits;Motacillidae;Kirvislaji;Anthus (släktet);ANTSP;Anthus sp;S;
544;Västäräkit;Wagtails, Pipits;Motacillidae;Isokirvinen;Större piplärka;ANTRIC;Anthus richardi;A;
545;Västäräkit;Wagtails, Pipits;Motacillidae;Isokirvinen / mongoliankirvinen;Större piplärka / mongolpiplärka;ANTRIC/ANTGOD;Anthus richardi/godlewskii;S;
546;Västäräkit;Wagtails, Pipits;Motacillidae;Isokirvinen / mongoliankirvinen / nummikirvinen;Större piplärka / mongolpiplärka / fältpiplärka;ANTRIC/ANTGOD/ANTCAM;Anthus richardi/godlewskii/campestris;S;
547;Västäräkit;Wagtails, Pipits;Motacillidae;Mongoliankirvinen;Mongolpiplärka;ANTGOD;Anthus godlewskii;A;
548;Västäräkit;Wagtails, Pipits;Motacillidae;Nummikirvinen;Fältpiplärka;ANTCAM;Anthus campestris;A;
549;Västäräkit;Wagtails, Pipits;Motacillidae;Taigakirvinen;Sibirisk piplärka;ANTHOD;Anthus hodgsoni;A;
550;Västäräkit;Wagtails, Pipits;Motacillidae;Taigakirvinen / metsäkirvinen;Sibirisk piplärka / trädpiplärka;ANTHOD/ANTTRI;Anthus hodgsoni/trivialis;S;
551;Västäräkit;Wagtails, Pipits;Motacillidae;Metsäkirvinen;Trädpiplärka;ANTTRI;Anthus trivialis;A;
552;Västäräkit;Wagtails, Pipits;Motacillidae;Tundrakirvinen;Tundrapiplärka;ANTGUS;Anthus gustavi;A;
553;Västäräkit;Wagtails, Pipits;Motacillidae;Niittykirvinen;ängspiplärka;ANTPRA;Anthus pratensis;A;
554;Västäräkit;Wagtails, Pipits;Motacillidae;Lapinkirvinen;Rödstrupig piplärka;ANTCER;Anthus cervinus;A;
555;Västäräkit;Wagtails, Pipits;Motacillidae;Vuorikirvinen / luotokirvinen;Vattenpiplärka / skärpiplärka;ANTSPI/ANTPET;Anthus spinoletta/petrosus;S;
556;Västäräkit;Wagtails, Pipits;Motacillidae;Luotokirvinen;Skärpiplärka;ANTPET;Anthus petrosus;A;
557;Västäräkit;Wagtails, Pipits;Motacillidae;Västäräkkilaji;Motacilla (släktet);MOTSP;Motacilla sp;S;
558;Västäräkit;Wagtails, Pipits;Motacillidae;Keltavästäräkki;Gulärla;MOTFLA;Motacilla flava;A;
559;Västäräkit;Wagtails, Pipits;Motacillidae;Keltavästäräkki (alalaji flava);Gulärla (rasen flava);MOTFLAAVA;Motacilla flava flava;R;
560;Västäräkit;Wagtails, Pipits;Motacillidae;Keltavästäräkki (alalaji flavissima);Gulärla (rasen flavissima);MOTFLAIMA;Motacilla flava flavissima;R;
561;Västäräkit;Wagtails, Pipits;Motacillidae;Keltavästäräkki (alalaji thunbergi);Gulärla (rasen thunbergi);MOTFLATHU;Motacilla flava thunbergi;R;
562;Västäräkit;Wagtails, Pipits;Motacillidae;Keltavästäräkki (alalaji beema);Gulärla (rasen beema);MOTFLABEE;Motacilla flava beema;R;
563;Västäräkit;Wagtails, Pipits;Motacillidae;Keltavästäräkki (alalaji lutea);Gulärla (rasen lutea);MOTFLALUT;Motacilla flava lutea;R;
564;Västäräkit;Wagtails, Pipits;Motacillidae;Keltavästäräkki (alalaji feldegg);Gulärla (rasen feldegg);MOTFLAFEL;Motacilla flava feldegg;R;
565;Västäräkit;Wagtails, Pipits;Motacillidae;Keltavästäräkki / sitruunavästäräkki;Gulärla / citronärla;MOTFLA/MOTCIT;Motacilla flava/citreola;S;
566;Västäräkit;Wagtails, Pipits;Motacillidae;Keltavästäräkki (alalaji flavissima) / keltavästäräkki (alalaji lutea);Gulärla (rasen flavissima) / gulärla (rasen lutea);MOTFLAIMA/MOTFLALUT;Motacilla flava flavissima/lutea;S;
567;Västäräkit;Wagtails, Pipits;Motacillidae;Keltavästäräkki X sitruunavästäräkki;Gulärla X citronärla;MOTFLAXMOTCIT;Motacilla flava x citreola;X;
568;Västäräkit;Wagtails, Pipits;Motacillidae;Sitruunavästäräkki;Citronärla;MOTCIT;Motacilla citreola;A;
569;Västäräkit;Wagtails, Pipits;Motacillidae;Virtavästäräkki;Forsärla;MOTCIN;Motacilla cinerea;A;
570;Västäräkit;Wagtails, Pipits;Motacillidae;Västäräkki;Sädesärla;MOTALB;Motacilla alba;A;
571;Västäräkit;Wagtails, Pipits;Motacillidae;Englanninvästäräkki;Sädesärla (rasen yarrellii);MOTALBYAR;Motacilla alba yarrellii;R;
572;Västäräkit;Wagtails, Pipits;Motacillidae;Västäräkki (alalaji alba);Sädesärla (rasen alba);MOTALBALB;Motacilla alba alba;R;
573;Västäräkit;Wagtails, Pipits;Motacillidae;Västäräkkiristeymä;ärlehybrid;XMOT;x Motacilla;X;
574;Tilhet;Waxwings;Bombycillidae;Tilhi;Sidensvans;BOMGAR;Bombycilla garrulus;A;
575;Koskikarat;Dippers;Cinclidae;Koskikara;Strömstare;CINCIN;Cinclus cinclus;A;
576;Peukaloiset;Wrens;Troglodytidae;Peukaloinen;Gärdsmyg;TROTRO;Troglodytes troglodytes;A;
577;Rautiaiset;Accentors;Prunellidae;Rautiaislaji;Prunella (släktet);PRUSP;Prunella sp;S;
578;Rautiaiset;Accentors;Prunellidae;Rautiainen;Järnsparv;PRUMOD;Prunella modularis;A;
579;Rautiaiset;Accentors;Prunellidae;Taigarautiainen;Sibirisk järnsparv;PRUMON;Prunella montanella;A;
580;Rautiaiset;Accentors;Prunellidae;Mustakurkkurautiainen;Svartstrupig järnsparv;PRUATR;Prunella atrogularis;A;
581;Rautiaiset;Accentors;Prunellidae;Alppirautiainen;Alpjärnsparv;PRUCOL;Prunella collaris;A;
582;Rastaat;Thrushes, Chats;Turdidae;Ruostepyrstö;Trädnäktergal;CERGAL;Cercotrichas galactotes;A;
583;Rastaat;Thrushes, Chats;Turdidae;Punarinta;Rödhake;ERIRUB;Erithacus rubecula;A;
584;Rastaat;Thrushes, Chats;Turdidae;Satakielilaji;Luscinia (släktet);LUSSP;Luscinia sp;S;
585;Rastaat;Thrushes, Chats;Turdidae;Satakieli;Näktergal;LUSLUS;Luscinia luscinia;A;
586;Rastaat;Thrushes, Chats;Turdidae;Satakieli / etelänsatakieli;Näktergal / sydnäktergal;LUSLUS/LUSMEG;Luscinia luscinia/megarhynchos;S;
587;Rastaat;Thrushes, Chats;Turdidae;Etelänsatakieli;Sydnäktergal;LUSMEG;Luscinia megarhynchos;A;
588;Rastaat;Thrushes, Chats;Turdidae;Rubiinisatakieli;Rubinnäktergal;LUSCAL;Luscinia calliope;A;
589;Rastaat;Thrushes, Chats;Turdidae;Sinirinta;Blåhake;LUSSVE;Luscinia svecica;A;
590;Rastaat;Thrushes, Chats;Turdidae;Valkotäpläsinirinta;Blåhake (rasen cyanecula);LUSSVECYA;Luscinia svecica cyanecula;R;
591;Rastaat;Thrushes, Chats;Turdidae;Sinirinta (alalaji svecica);Blåhake (rasen svecica);LUSSVESVE;Luscinia svecica svecica;R;
592;Rastaat;Thrushes, Chats;Turdidae;Sinipyrstö;Blåstjärt;TARCYA;Tarsiger cyanurus;A;
593;Rastaat;Thrushes, Chats;Turdidae;Leppälintulaji;Phoenicurus (släktet);PHOSP;Phoenicurus sp;S;
594;Rastaat;Thrushes, Chats;Turdidae;Mustaleppälintu;Svart rödstjärt;PHOOCH;Phoenicurus ochruros;A;
595;Rastaat;Thrushes, Chats;Turdidae;Mustaleppälintu / leppälintu;Svart rödstjärt / rödstjärt;PHOOCH/PHOPHO;Phoenicurus ochruros/phoenicurus;S;
596;Rastaat;Thrushes, Chats;Turdidae;Mustaleppälintu X leppälintu;Svart rödstjärt X rödstjärt;PHOOCHXPHOPHO;Phoenicurus ochruros x phoenicurus;X;
597;Rastaat;Thrushes, Chats;Turdidae;Leppälintu;Rödstjärt;PHOPHO;Phoenicurus phoenicurus;A;
598;Rastaat;Thrushes, Chats;Turdidae;Leppälintu (alalaji phoenicurus);Rödstjärt (rasen phoenicurus);PHOPHOPHO;Phoenicurus phoenicurus phoenicurus;R;
599;Rastaat;Thrushes, Chats;Turdidae;Leppälintu (alalaji samamisicus);Rödstjärt (rasen samamisicus);PHOPHOSAM;Phoenicurus phoenicurus samamisicus;R;
600;Rastaat;Thrushes, Chats;Turdidae;Vuorileppälintu;Bergrödstjärt;PHORUS;Phoenicurus erythrogastrus;E;
601;Rastaat;Thrushes, Chats;Turdidae;Pensastasku;Buskskvätta;SAXRUB;Saxicola rubetra;A;
602;Rastaat;Thrushes, Chats;Turdidae;Mustapäätasku;Svarthakad buskskvätta;SAXTOR;Saxicola torquatus;A;
603;Rastaat;Thrushes, Chats;Turdidae;Mustapäätasku (alalaji hibernans);Svarthakad buskskvätta (rasen hibernans);SAXTORHIB;Saxicola torquatus hibernans;R;
604;Rastaat;Thrushes, Chats;Turdidae;Mustapäätasku (alalaji rubicola);Svarthakad buskskvätta (rasen rubicola);SAXTORRUB;Saxicola torquatus rubicola;R;
605;Rastaat;Thrushes, Chats;Turdidae;Mustapäätasku (alalaji maurus);Svarthakad buskskvätta (rasen maurus);SAXTORMAU;Saxicola torquatus maurus;R;
606;Rastaat;Thrushes, Chats;Turdidae;Mustapäätasku (alalaji stejnegeri);Svarthakad buskskvätta (rasen stejnegeri);SAXTORSTE;Saxicola torquatus stejnegeri;R;
607;Rastaat;Thrushes, Chats;Turdidae;Mustapäätasku (alalaji hibernans) / mustapäätasku (alalaji rubicola);Svarthakad buskskvätta (rasen hibernans) / svarthakad buskskvätta (rasen rubicola);SAXTORHIB/SAXTORRUB;Saxicola torquatus hibernans/rubicola;S;
608;Rastaat;Thrushes, Chats;Turdidae;Mustapäätasku (alalaji maurus) / mustapäätasku (alalaji stejnegeri);Svarthakad buskskvätta (rasen maurus) / svarthakad buskskvätta (rasen stejnegeri);SAXTORMAU/SAXTORSTE;Saxicola torquatus maurus/stejnegeri;S;
609;Rastaat;Thrushes, Chats;Turdidae;Nokitasku;Svart buskskvätta;SAXCAP;Saxicola caprata;A;
610;Rastaat;Thrushes, Chats;Turdidae;Kivitaskulaji;Oenanthe (släktet);OENSP;Oenanthe sp;S;
611;Rastaat;Thrushes, Chats;Turdidae;Arotasku;Isabellastenskvätta;OENISA;Oenanthe isabellina;A;
612;Rastaat;Thrushes, Chats;Turdidae;Kivitasku;Stenskvätta;OENOEN;Oenanthe oenanthe;A;
613;Rastaat;Thrushes, Chats;Turdidae;Nunnatasku;Nunnestenskvätta;OENPLE;Oenanthe pleschanka;A;
614;Rastaat;Thrushes, Chats;Turdidae;Nunnatasku / rusotasku;Nunnestenskvätta / medelhavsstenskvätta;OENPLE/OENHIS;Oenanthe pleschanka/hispanica;S;
615;Rastaat;Thrushes, Chats;Turdidae;Rusotasku;Medelhavsstenskvätta;OENHIS;Oenanthe hispanica;A;
616;Rastaat;Thrushes, Chats;Turdidae;Rusotasku (alalaji hispanica);Medelhavsstenskvätta (rasen hispanica);OENHISHIS;Oenanthe hispanica hispanica;R;
617;Rastaat;Thrushes, Chats;Turdidae;Rusotasku (alalaji melanoleuca);Medelhavsstenskvätta (rasen melanoleuca);OENHISMEL;Oenanthe hispanica melanoleuca;R;
618;Rastaat;Thrushes, Chats;Turdidae;Aavikkotasku;ökenstenskvätta;OENDES;Oenanthe deserti;A;
619;Rastaat;Thrushes, Chats;Turdidae;Kivikkorastaslaji;Monticola (släktet);MONSP;Monticola sp;S;
620;Rastaat;Thrushes, Chats;Turdidae;Kivikkorastas;Stentrast;MONSAX;Monticola saxatilis;A;
621;Rastaat;Thrushes, Chats;Turdidae;Sinirastas;Blåtrast;MONSOL;Monticola solitarius;A;
622;Rastaat;Thrushes, Chats;Turdidae;Kirjorastas;Guldtrast;ZOODAU;Zoothera dauma;A;
623;Rastaat;Thrushes, Chats;Turdidae;Amerikanrastaslaji;Catharus (släktet);CATHASP;Catharus sp;S;
624;Rastaat;Thrushes, Chats;Turdidae;Korpirastas;Beigekindad skogstrast;CATUST;Catharus ustulatus;A;
625;Rastaat;Thrushes, Chats;Turdidae;Turdus (suku);Turdus (släktet);TURSP;Turdus sp;S;
626;Rastaat;Thrushes, Chats;Turdidae;Sepelrastas;Ringtrast;TURTOR;Turdus torquatus;A;
627;Rastaat;Thrushes, Chats;Turdidae;Mustarastas;Koltrast;TURMER;Turdus merula;A;
628;Rastaat;Thrushes, Chats;Turdidae;Harmaakurkkurastas;Gråhalsad trast;TUROBS;Turdus obscurus;A;
629;Rastaat;Thrushes, Chats;Turdidae;Ruosterastas;Rödtrast;TURNAU;Turdus naumanni;A;
630;Rastaat;Thrushes, Chats;Turdidae;Ruostesiipirastas;Bruntrast;TUREUN;Turdus eunomus;A;
631;Rastaat;Thrushes, Chats;Turdidae;Ruosterastas / ruostesiipirastas;Rödtrast / bruntrast;TURNAU/TUREUN;Turdus naumanni/eunomus;S;
632;Rastaat;Thrushes, Chats;Turdidae;Mustakaularastas;Svarthalsad trast;TURATR;Turdus atrogularis;A;
633;Rastaat;Thrushes, Chats;Turdidae;Punakaularastas;Rödhalsad trast;TURRUF;Turdus ruficollis;A;
634;Rastaat;Thrushes, Chats;Turdidae;Mustakaularastas / punakaularastas;Svarthalsad trast / rödhalsad trast;TURATR/TURRUF;Turdus atrogularis/ruficollis;S;
635;Rastaat;Thrushes, Chats;Turdidae;Räkättirastas;Björktrast;TURPIL;Turdus pilaris;A;
636;Rastaat;Thrushes, Chats;Turdidae;Laulurastas;Taltrast;TURPHI;Turdus philomelos;A;
637;Rastaat;Thrushes, Chats;Turdidae;Punakylkirastas;Rödvingetrast;TURILI;Turdus iliacus;A;
638;Rastaat;Thrushes, Chats;Turdidae;Pieni rastas;Liten trast;PTUR;Pieni Turdus;S;
639;Rastaat;Thrushes, Chats;Turdidae;Kulorastas;Dubbeltrast;TURVIS;Turdus viscivorus;A;
640;Rastaat;Thrushes, Chats;Turdidae;Iso rastas;Stor trast;ITUR;Iso Turdus;S;
641;Kertut;Warblers;Sylvidae;Sirkkalintulaji;Locustella (släktet);LOCSP;Locustella sp;S;
642;Kertut;Warblers;Sylvidae;Viirusirkkalintu;Träsksångare;LOCLAN;Locustella lanceolata;A;
643;Kertut;Warblers;Sylvidae;Viirusirkkalintu / pensassirkkalintu;Träsksångare / gräshoppsångare;LOCLAN/LOCNAE;Locustella lanceolata/naevia;S;
644;Kertut;Warblers;Sylvidae;Pensassirkkalintu;Gräshoppsångare;LOCNAE;Locustella naevia;A;
645;Kertut;Warblers;Sylvidae;Viitasirkkalintu;Flodsångare;LOCFLU;Locustella fluviatilis;A;
646;Kertut;Warblers;Sylvidae;Ruokosirkkalintu;Vassångare;LOCLUS;Locustella luscinioides;A;
647;Kertut;Warblers;Sylvidae;Kerttuslaji;Acrocephalus (släktet);ACRSP;Acrocephalus sp;S;
648;Kertut;Warblers;Sylvidae;Paksunokkakerttunen;Tjocknäbbad sångare;ACRAED;Acrocephalus aedon;A;
649;Kertut;Warblers;Sylvidae;Sarakerttunen;Vattensångare;ACROLA;Acrocephalus paludicola;A;
650;Kertut;Warblers;Sylvidae;Ruokokerttunen;Sävsångare;ACRSCH;Acrocephalus schoenobaenus;A;
651;Kertut;Warblers;Sylvidae;Rytikerttunen;Rörsångare;ACRSCI;Acrocephalus scirpaceus;A;
652;Kertut;Warblers;Sylvidae;Rytikerttunen / luhtakerttunen / viitakerttunen;Rörsångare / kärrsångare / busksångare;ACRSCI/ACRRIS/ACRDUM;Acrocephalus scirpaceus/palustris/dumetorum;S;
653;Kertut;Warblers;Sylvidae;Rytikerttunen / luhtakerttunen;Rörsångare / kärrsångare;ACRSCI/ACRRIS;Acrocephalus scirpaceus/palustris;S;
654;Kertut;Warblers;Sylvidae;Luhtakerttunen;Kärrsångare;ACRRIS;Acrocephalus palustris;A;
655;Kertut;Warblers;Sylvidae;Luhtakerttunen / viitakerttunen;Kärrsångare / busksångare;ACRRIS/ACRDUM;Acrocephalus palustris/dumetorum;S;
656;Kertut;Warblers;Sylvidae;Viitakerttunen;Busksångare;ACRDUM;Acrocephalus dumetorum;A;
657;Kertut;Warblers;Sylvidae;Kenttäkerttunen;Fältsångare;ACRAGR;Acrocephalus agricola;A;
658;Kertut;Warblers;Sylvidae;Rastaskerttunen;Trastsångare;ACRARU;Acrocephalus arundinaceus;A;
659;Kertut;Warblers;Sylvidae;Kultarintalaji;Hippolais (släktet);HIPSP;Hippolais sp;S;
660;Kertut;Warblers;Sylvidae;Vaaleakultarinta;Eksångare;HIPPAL;Hippolais pallida;A;
661;Kertut;Warblers;Sylvidae;Vaaleakultarinta (alalaji pallida);Eksångare (rasen pallida);HIPPALPAL;Hippolais pallida pallida;R;
662;Kertut;Warblers;Sylvidae;Vaaleakultarinta (alalaji elaeica);Eksångare (rasen elaeica);HIPPALELA;Hippolais pallida elaeica;R;
663;Kertut;Warblers;Sylvidae;Vaaleakultarinta / pikkukultarinta;Eksångare / stäppsångare;HIPPAL/HIPCAL;Hippolais pallida/caligata;S;
664;Kertut;Warblers;Sylvidae;Pikkukultarinta;Stäppsångare;HIPCAL;Hippolais caligata;A;
665;Kertut;Warblers;Sylvidae;Aavikkokultarinta;Saxaulsångare;HIPRAM;Hippolais rama;A;
666;Kertut;Warblers;Sylvidae;Pikkukultarinta / aavikkokultarinta;Stäppsångare / saxaulsångare;HIPCAL/HIPRAM;Hippolais caligata/rama;S;
667;Kertut;Warblers;Sylvidae;Kultarinta;Härmsångare;HIPICT;Hippolais icterina;A;
668;Kertut;Warblers;Sylvidae;Kerttulaji;Sylvia (släktet);SYLSP;Sylvia sp;S;
669;Kertut;Warblers;Sylvidae;Mustapääkerttu;Svarthätta;SYLATR;Sylvia atricapilla;A;
670;Kertut;Warblers;Sylvidae;Lehtokerttu;Trädgårdssångare;SYLBOR;Sylvia borin;A;
671;Kertut;Warblers;Sylvidae;Kirjokerttu;Höksångare;SYLNIS;Sylvia nisoria;A;
672;Kertut;Warblers;Sylvidae;Hernekerttu;ärtsångare;SYLCUR;Sylvia curruca;A;
673;Kertut;Warblers;Sylvidae;Pensaskerttu;Törnsångare;SYLCOM;Sylvia communis;A;
674;Kertut;Warblers;Sylvidae;Kääpiökerttu;ökensångare;SYLNAN;Sylvia nana;A;
675;Kertut;Warblers;Sylvidae;Ruskokerttu;Provencesångare;SYLUND;Sylvia undata;A;
676;Kertut;Warblers;Sylvidae;Rusorintakerttu;Rödstrupig sångare;SYLCAN;Sylvia cantillans;A;
677;Kertut;Warblers;Sylvidae;Samettipääkerttu;Sammetshätta;SYLALA;Sylvia melanocephala;A;
678;Kertut;Warblers;Sylvidae;Mustakurkkukerttu;Svarthakad sångare;SYLRUE;Sylvia rueppelli;A;
679;Kertut;Warblers;Sylvidae;Uunilintulaji;Phylloscopus (släktet);PHYSP;Phylloscopus sp;S;
680;Kertut;Warblers;Sylvidae;Amurinuunilintu;östlig kronsångare;PHYCOR;Phylloscopus coronatus;A;
681;Kertut;Warblers;Sylvidae;Burjatianuunilintu;östlig lundsångare;PHYPLU;Phylloscopus plumbeitarsus;A;
682;Kertut;Warblers;Sylvidae;Idänuunilintu;Lundsångare;PHYDES;Phylloscopus trochiloides;A;
683;Kertut;Warblers;Sylvidae;Idänuunilintu (alalaji viridanus);Lundsångare (rasen viridanus);PHYDESVIR;Phylloscopus trochiloides viridanus;R;
684;Kertut;Warblers;Sylvidae;Lapinuunilintu;Nordsångare;PHYBOR;Phylloscopus borealis;A;
685;Kertut;Warblers;Sylvidae;Hippiäisuunilintu;Kungsfågelsångare;PHYPRO;Phylloscopus proregulus;A;
686;Kertut;Warblers;Sylvidae;Hippiäisuunilintu / taigauunilintu;Kungsfågelsångare / taigasångare;PHYPRO/PHYINO;Phylloscopus proregulus/inornatus;S;
687;Kertut;Warblers;Sylvidae;Taigauunilintu;Taigasångare;PHYINO;Phylloscopus inornatus;A;
688;Kertut;Warblers;Sylvidae;Taigauunilintu / kashmirinuunilintu;Taigasångare / bergstaigasångare;PHYINO/PHYHUM;Phylloscopus inornatus/humei;S;
689;Kertut;Warblers;Sylvidae;Kashmirinuunilintu;Bergstaigasångare;PHYHUM;Phylloscopus humei;A;
690;Kertut;Warblers;Sylvidae;Siperianuunilintu;Videsångare;PHYSCH;Phylloscopus schwarzi;A;
691;Kertut;Warblers;Sylvidae;Siperianuunilintu / ruskouunilintu;Videsångare / brunsångare;PHYSCH/PHYFUS;Phylloscopus schwarzi/fuscatus;S;
692;Kertut;Warblers;Sylvidae;Ruskouunilintu;Brunsångare;PHYFUS;Phylloscopus fuscatus;A;
693;Kertut;Warblers;Sylvidae;Vuoriuunilintu;Bergsångare;PHYBON;Phylloscopus bonelli;A;
694;Kertut;Warblers;Sylvidae;Vuoriuunilintu / balkaninuunilintu;Bergsångare / balkansångare;PHYBON/PHYORI;Phylloscopus bonelli/orientalis;S;
695;Kertut;Warblers;Sylvidae;Balkaninuunilintu;Balkansångare;PHYORI;Phylloscopus orientalis;A;
696;Kertut;Warblers;Sylvidae;Sirittäjä;Grönsångare;PHYSIB;Phylloscopus sibilatrix;A;
697;Kertut;Warblers;Sylvidae;Iberiantiltaltti;Iberisk gransångare;PHYIBE;Phylloscopus ibericus;A;
698;Kertut;Warblers;Sylvidae;Tiltaltti;Gransångare;PHYCOL;Phylloscopus collybita;A;
699;Kertut;Warblers;Sylvidae;Tiltaltti (hily/hihku -ääninen);Gransångare (hily-läte);PHYCOLHILY;Phylloscopus collybita hily;R;
700;Kertut;Warblers;Sylvidae;Tiltaltti (hii -ääninen);Gransångare (hii-läte);PHYCOLHII;Phylloscopus collybita hii;R;
701;Kertut;Warblers;Sylvidae;Tiltaltti (alalaji collybita);Gransångare (rasen collybita);PHYCOLCOL;Phylloscopus collybita collybita;R;
702;Kertut;Warblers;Sylvidae;Idäntiltaltti;Gransångare (rasen tristis);PHYCOLTRI;Phylloscopus collybita tristis;R;
703;Kertut;Warblers;Sylvidae;Tiltaltti / pajulintu;Gransångare / lövsångare;PHYCOL/PHYLUS;Phylloscopus collybita/trochilus;S;
704;Kertut;Warblers;Sylvidae;Pajulintu;Lövsångare;PHYLUS;Phylloscopus trochilus;A;
705;Kertut;Warblers;Sylvidae;Hippiäinen;Kungsfågel;REGREG;Regulus regulus;A;
706;Kertut;Warblers;Sylvidae;Tulipäähippiäinen;Brandkronad kungsfågel;REGIGN;Regulus ignicapilla;A;
707;Siepot;Flycatchers;Muscicapidae;Harmaasieppolaji;Muscicapa (släktet);MUSSP;Muscicapa sp;S;
708;Siepot;Flycatchers;Muscicapidae;Harmaasieppo;Grå flugsnappare;MUSSTR;Muscicapa striata;A;
709;Siepot;Flycatchers;Muscicapidae;Kirjosieppolaji;Ficedula (släktet);FICSP;Ficedula sp;S;
710;Siepot;Flycatchers;Muscicapidae;Pikkusieppo;Mindre flugsnappare;FICPAR;Ficedula parva;A;
711;Siepot;Flycatchers;Muscicapidae;Sepelsieppo;Halsbandsflugsnappare;FICALB;Ficedula albicollis;A;
712;Siepot;Flycatchers;Muscicapidae;Sepelsieppo / kirjosieppo;Halsbandsflugsnappare / svartvit flugsnappare;FICALB/FICHYP;Ficedula albicollis/hypoleuca;S;
713;Siepot;Flycatchers;Muscicapidae;Sepelsieppo X kirjosieppo;Halsbandsflugsnappare X svartvit flugsnappare;FICALBXFICHYP;Ficedula albicollis x hypoleuca;X;
714;Siepot;Flycatchers;Muscicapidae;Kirjosieppo;Svartvit flugsnappare;FICHYP;Ficedula hypoleuca;A;
715;Timalit;Babblers, Parrotbills;Timaliidae;Viiksitimali;Skäggmes;PANBIA;Panurus biarmicus;A;
716;Pyrstötiaiset;Long-tailed Tits;Aegithalidae;Pyrstötiainen;Stjärtmes;AEGCAU;Aegithalos caudatus;A;
717;Pyrstötiaiset;Long-tailed Tits;Aegithalidae;Pyrstötiainen (alalaji europaeus);Stjärtmes (rasen europaeus);AEGCAUEUR;Aegithalos caudatus europaeus;R;
718;Pyrstötiaiset;Long-tailed Tits;Aegithalidae;Pyrstötiainen (alalaji caudatus);Stjärtmes (rasen caudatus);AEGCAUCAU;Aegithalos caudatus caudatus;R;
719;Tiaiset;Tits;Paridae;Tiaislaji;Parus (släktet);PARSP;Parus sp;S;
720;Tiaiset;Tits;Paridae;Viitatiainen;Entita;PARPAL;Parus palustris;A;
721;Tiaiset;Tits;Paridae;Hömötiainen;Talltita;PARMON;Parus montanus;A;
722;Tiaiset;Tits;Paridae;Hömötiainen X lapintiainen;Talltita X lappmes;PARMONXPARCIN;Parus montanus x cinctus;X;
723;Tiaiset;Tits;Paridae;Hömötiainen X töyhtötiainen;Talltita X tofsmes;PARMONXPARCRI;Parus montanus x cristatus;X;
724;Tiaiset;Tits;Paridae;Hömötiainen X kuusitiainen;Talltita X svartmes;PARMONXPARATE;Parus montanus x ater;X;
725;Tiaiset;Tits;Paridae;Lapintiainen;Lappmes;PARCIN;Parus cinctus;A;
726;Tiaiset;Tits;Paridae;Töyhtötiainen;Tofsmes;PARCRI;Parus cristatus;A;
727;Tiaiset;Tits;Paridae;Kuusitiainen;Svartmes;PARATE;Parus ater;A;
728;Tiaiset;Tits;Paridae;Sinitiainen;Blåmes;PARCAE;Parus caeruleus;A;
729;Tiaiset;Tits;Paridae;Sinitiainen X valkopäätiainen;Blåmes X azurmes;PARCAEXPARCYA;Parus caeruleus x cyanus;X;
730;Tiaiset;Tits;Paridae;Valkopäätiainen;Azurmes;PARCYA;Parus cyanus;A;
731;Tiaiset;Tits;Paridae;Talitiainen;Talgoxe;PARMAJ;Parus major;A;
732;Tiaiset;Tits;Paridae;Tiaisristeymä;Meshybrid;XPAR;x Parus;X;
733;Pähkinänakkelit;Nuthatches;Sittidae;Pähkinänakkeli;Nötväcka;SITEUR;Sitta europaea;A;
734;Pähkinänakkelit;Nuthatches;Sittidae;Pähkinänakkeli (alalaji europaea);Nötväcka (rasen europaea);SITEUREUR;Sitta europaea europaea;R;
735;Pähkinänakkelit;Nuthatches;Sittidae;Pähkinänakkeli (alalaji asiatica);Nötväcka (rasen asiatica);SITEURASI;Sitta europaea asiatica;R;
736;Puukiipijät;Treecreepers;Certhiidae;Puukiipijälaji;Certhia (släktet);CERTHSP;Certhia sp;S;
737;Puukiipijät;Treecreepers;Certhiidae;Puukiipijä;Trädkrypare;CERFAM;Certhia familiaris;A;
738;Pussitiaiset;Penduline Tits;Remizidae;Pussitiainen;Pungmes;REMPEN;Remiz pendulinus;A;
739;Kuhankeittäjät;Orioles;Oriolidae;Kuhankeittäjä;Sommargylling;ORIORI;Oriolus oriolus;A;
740;Lepinkäiset;Shrikes;Laniidae;Lepinkäislaji;Lanius (släktet);LANSP;Lanius sp;S;
741;Lepinkäiset;Shrikes;Laniidae;Punapyrstölepinkäinen;Isabellatörnskata;LANISA;Lanius isabellinus;A;
742;Lepinkäiset;Shrikes;Laniidae;Punapyrstölepinkäinen (alalaji phoenicuroides);Isabellatörnskata (rasen phoenicuroides);LANISAPHO;Lanius isabellinus phoenicuroides;R;
743;Lepinkäiset;Shrikes;Laniidae;Punapyrstölepinkäinen (alalaji isabellinus);Isabellatörnskata (rasen isabellinus);LANISAISA;Lanius isabellinus isabellinus;R;
744;Lepinkäiset;Shrikes;Laniidae;Punapyrstölepinkäinen (alalaji arenarius);Isabellatörnskata (rasen arenarius);LANISAARE;Lanius isabellinus arenarius;R;
745;Lepinkäiset;Shrikes;Laniidae;Pikkulepinkäinen;Törnskata;LANCOL;Lanius collurio;A;
746;Lepinkäiset;Shrikes;Laniidae;Mustaotsalepinkäinen;Svartpannad törnskata;LANMIN;Lanius minor;A;
747;Lepinkäiset;Shrikes;Laniidae;Isolepinkäinen;Varfågel;LANEXC;Lanius excubitor;A;
748;Lepinkäiset;Shrikes;Laniidae;Isolepinkäinen (alalaji excubitor);Varfågel (rasen excubitor);LANEXCEXC;Lanius excubitor excubitor;R;
749;Lepinkäiset;Shrikes;Laniidae;Isolepinkäinen (alalaji homeyeri);Varfågel (rasen homeyeri);LANEXCHOM;Lanius excubitor homeyeri;R;
750;Lepinkäiset;Shrikes;Laniidae;Isolepinkäinen (alalaji sibiricus);Varfågel (rasen sibiricus);LANEXCSIB;Lanius excubitor sibiricus;R;
751;Lepinkäiset;Shrikes;Laniidae;Etelänisolepinkäinen;ökenvarfågel;LANMER;Lanius meridionalis;A;
752;Lepinkäiset;Shrikes;Laniidae;Etelänisolepinkäinen (alalaji meridionalis);ökenvarfågel (rasen meridionalis);LANMERMER;Lanius meridionalis meridionalis;R;
753;Lepinkäiset;Shrikes;Laniidae;Etelänisolepinkäinen (alalaji pallidirostris);ökenvarfågel (rasen pallidirostris);LANMERPAL;Lanius meridionalis pallidirostris;R;
754;Lepinkäiset;Shrikes;Laniidae;Punapäälepinkäinen;Rödhuvad törnskata;LANSEN;Lanius senator;A;
755;Lepinkäiset;Shrikes;Laniidae;Valko-otsalepinkäinen;Masktörnskata;LANNUB;Lanius nubicus;A;
756;Varikset;Crows, Jays;Corvidae;Närhi;Nötskrika;GARGLA;Garrulus glandarius;A;
757;Varikset;Crows, Jays;Corvidae;Kuukkeli;Lavskrika;PERINF;Perisoreus infaustus;A;
758;Varikset;Crows, Jays;Corvidae;Harakka;Skata;PICPIC;Pica pica;A;
759;Varikset;Crows, Jays;Corvidae;Pähkinähakki;Nötkråka;NUCCAR;Nucifraga caryocatactes;A;
760;Varikset;Crows, Jays;Corvidae;Pähkinähakki (alalaji caryocatactes);Nötkråka (rasen caryocatactes);NUCCARCAR;Nucifraga caryocatactes caryocatactes;R;
761;Varikset;Crows, Jays;Corvidae;Pähkinähakki (alalaji macrorhynchos);Nötkråka (rasen macrorhynchos);NUCCARMAC;Nucifraga caryocatactes macrorhynchos;R;
762;Varikset;Crows, Jays;Corvidae;Varislaji;Corvus (släktet);CORSP;Corvus sp;S;
763;Varikset;Crows, Jays;Corvidae;Naakka;Kaja;CORMON;Corvus monedula;A;
764;Varikset;Crows, Jays;Corvidae;Idännaakka;Klippkaja;CORDAU;Corvus dauuricus;B;
765;Varikset;Crows, Jays;Corvidae;Mustavaris;Råka;CORFRU;Corvus frugilegus;A;
766;Varikset;Crows, Jays;Corvidae;Varis;Kråka;CORNIX;Corvus corone cornix;R;
767;Varikset;Crows, Jays;Corvidae;Nokivaris;Kråka (rasen corone);CORONEONE;Corvus corone corone;R;
768;Varikset;Crows, Jays;Corvidae;Varis X nokivaris;Kråka X kråka (rasen corone);CORNIXXCORONEONE;Corvus corone cornix x corone;X;
769;Varikset;Crows, Jays;Corvidae;Korppi;Korp;CORRAX;Corvus corax;A;
770;Varikset;Crows, Jays;Corvidae;Korppi / varis / mustavaris;Korp / kråka / råka;ICOR;Iso Corvus;S;
771;Kottaraiset;Starlings;Sturnidae;Kottarainen;Stare;STUVUL;Sturnus vulgaris;S;
772;Kottaraiset;Starlings;Sturnidae;Punakottarainen;Rosenstare;STUROS;Sturnus roseus;S;
773;Kottaraiset;Starlings;Sturnidae;Kiinankottarainen;Mandarinstare;STUSIN;Sturnus sinensis;E;
774;Kottaraiset;Starlings;Sturnidae;Viirupääkottarainen;Gråstare;STUCIN;Sturnus cineraceus;E;
775;Varpuset;Sparrows;Passeridae;Varpuslaji;Passer (släktet);PASSP;Passer sp;S;
776;Varpuset;Sparrows;Passeridae;Varpunen;Gråsparv;PASDOM;Passer domesticus;A;
777;Varpuset;Sparrows;Passeridae;Varpunen X pikkuvarpunen;Gråsparv X pilfink;PASDOMXPASMON;Passer domesticus x montanus;X;
778;Varpuset;Sparrows;Passeridae;Pensasvarpunen;Spansk sparv;PASHIS;Passer hispaniolensis;A;
779;Varpuset;Sparrows;Passeridae;Pikkuvarpunen;Pilfink;PASMON;Passer montanus;A;
780;Peipot;Finches;Fringillidae;Peippolaji;Fringilla (släktet);FRISP;Fringilla sp;S;
781;Peipot;Finches;Fringillidae;Peippo;Bofink;FRICOE;Fringilla coelebs;A;
782;Peipot;Finches;Fringillidae;Järripeippo;Bergfink;FRIMON;Fringilla montifringilla;A;
783;Peipot;Finches;Fringillidae;Keltahemppo;Gulhämpling;SERSER;Serinus serinus;A;
784;Peipot;Finches;Fringillidae;Kanarianhemppo;Kanariefågel;SERCAN;Serinus canariensis;E;
785;Peipot;Finches;Fringillidae;Sitruunahemppo;Citronsiska;SERCIT;Serinus citrinella;D;
786;Peipot;Finches;Fringillidae;Tiklilaji;Carduelis (släktet);CARSP;Carduelis sp;S;
787;Peipot;Finches;Fringillidae;Viherpeippo;Grönfink;CARCHL;Carduelis chloris;A;
788;Peipot;Finches;Fringillidae;Tikli;Steglits;CARCAR;Carduelis carduelis;A;
789;Peipot;Finches;Fringillidae;Vihervarpunen;Grönsiska;CARSPI;Carduelis spinus;A;
790;Peipot;Finches;Fringillidae;Hemppo;Hämpling;CARCAN;Carduelis cannabina;A;
791;Peipot;Finches;Fringillidae;Vuorihemppo;Vinterhämpling;CARRIS;Carduelis flavirostris;A;
792;Peipot;Finches;Fringillidae;Urpiainen;Gråsiska;CARMEA;Carduelis flammea;A;
793;Peipot;Finches;Fringillidae;Ruskourpiainen;Gråsiska (rasen cabaret);CARMEACAB;Carduelis flammea cabaret;R;
794;Peipot;Finches;Fringillidae;Urpiainen / tundraurpiainen;Gråsiska / snösiska;CARMEA/CARHOR;Carduelis flammea/hornemanni;S;
795;Peipot;Finches;Fringillidae;Tundraurpiainen;Snösiska;CARHOR;Carduelis hornemanni;A;
796;Peipot;Finches;Fringillidae;Käpylintulaji;Loxia (släktet);LOXSP;Loxia sp;S;
797;Peipot;Finches;Fringillidae;Kirjosiipikäpylintu;Bändelkorsnäbb;LOXLEU;Loxia leucoptera;A;
798;Peipot;Finches;Fringillidae;Kirjosiipikäpylintu / pikkukäpylintu;Bändelkorsnäbb / mindre korsnäbb;LOXLEU/LOXCUR;Loxia leucoptera/curvirostra;S;
799;Peipot;Finches;Fringillidae;Pikkukäpylintu;Mindre korsnäbb;LOXCUR;Loxia curvirostra;A;
800;Peipot;Finches;Fringillidae;Pikkukäpylintu / isokäpylintu;Mindre korsnäbb / större korsnäbb;LOXCUR/LOXPYT;Loxia curvirostra/pytyopsittacus;S;
801;Peipot;Finches;Fringillidae;Isokäpylintu;Större korsnäbb;LOXPYT;Loxia pytyopsittacus;A;
802;Peipot;Finches;Fringillidae;Aavikkotulkkulaji;Bucanetes (släktet);BUCANSP;Bucanetes sp;S;
803;Peipot;Finches;Fringillidae;Aavikkotulkku;ökentrumpetare;BUCGIT;Bucanetes githagineus;A;
804;Peipot;Finches;Fringillidae;Punavarpuslaji;Carpodacus (släktet);CARPOSP;Carpodacus sp;S;
805;Peipot;Finches;Fringillidae;Punavarpunen;Rosenfink;CARERY;Carpodacus erythrinus;A;
806;Peipot;Finches;Fringillidae;Taviokuurna;Tallbit;PINENU;Pinicola enucleator;A;
807;Peipot;Finches;Fringillidae;Pyrstötulkku;Långstjärtad rosenfink;URASIB;Uragus sibiricus;E;
808;Peipot;Finches;Fringillidae;Punatulkku;Domherre;PYRPYR;Pyrrhula pyrrhula;A;
809;Peipot;Finches;Fringillidae;Nokkavarpunen;Stenknäck;COCCOC;Coccothraustes coccothraustes;A;
810;Peipot;Finches;Fringillidae;Japaninnokkavarpunen;Större maskstenknäck;EOPPER;Eophona personata;E;
811;Kerttulit;New World Warblers;Parulidae;Viirukerttuli;Vitkindad skogssångare;DENSTR;Dendroica striata;A;
812;Sirkut;Buntings, New World Sparrows;Emberizidae;Valkokurkkusirkku;Vitstrupig sparv;ZONALB;Zonotrichia albicollis;A;
813;Sirkut;Buntings, New World Sparrows;Emberizidae;Lapinsirkku;Lappsparv;CALLAP;Calcarius lapponicus;A;
814;Sirkut;Buntings, New World Sparrows;Emberizidae;Pulmunen;Snösparv;PLENIV;Plectrophenax nivalis;A;
815;Sirkut;Buntings, New World Sparrows;Emberizidae;Sirkkulaji;Emberiza (släktet);EMBSP;Emberiza spodocephala;A;
816;Sirkut;Buntings, New World Sparrows;Emberizidae;Harmaapääsirkku;Gråhuvad sparv;EMBSPO;Emberiza sp;S;
817;Sirkut;Buntings, New World Sparrows;Emberizidae;Mäntysirkku;Tallsparv;EMBLEU;Emberiza leucocephalos;A;
818;Sirkut;Buntings, New World Sparrows;Emberizidae;Mäntysirkku X keltasirkku;Tallsparv X gulsparv;EMBLEUXEMBCIT;Emberiza leucocephalos x citrinella;X;
819;Sirkut;Buntings, New World Sparrows;Emberizidae;Keltasirkku;Gulsparv;EMBCIT;Emberiza citrinella;A;
820;Sirkut;Buntings, New World Sparrows;Emberizidae;Kivikkosirkku;Bergortolansparv;EMBBUC;Emberiza buchanani;A;
821;Sirkut;Buntings, New World Sparrows;Emberizidae;Peltosirkku;Ortolansparv;EMBHOR;Emberiza hortulana;A;
822;Sirkut;Buntings, New World Sparrows;Emberizidae;Ruostekurkkusirkku;Rostsparv;EMBCAE;Emberiza caesia;A;
823;Sirkut;Buntings, New World Sparrows;Emberizidae;Pohjansirkku;Videsparv;EMBRUS;Emberiza rustica;A;
824;Sirkut;Buntings, New World Sparrows;Emberizidae;Pohjansirkku / pikkusirkku / kultasirkku;Videsparv / dvärgsparv / gyllensparv;EMBRUS/EMBPUS/EMBAUR;Emberiza rustica/pusilla/aureola;S;
825;Sirkut;Buntings, New World Sparrows;Emberizidae;Pikkusirkku;Dvärgsparv;EMBPUS;Emberiza pusilla;A;
826;Sirkut;Buntings, New World Sparrows;Emberizidae;Kastanjasirkku;Rödbrun sparv;EMBRUT;Emberiza rutila;A;
827;Sirkut;Buntings, New World Sparrows;Emberizidae;Kultasirkku;Gyllensparv;EMBAUR;Emberiza aureola;A;
828;Sirkut;Buntings, New World Sparrows;Emberizidae;Pajusirkku;Sävsparv;EMBSCH;Emberiza schoeniclus;A;
829;Sirkut;Buntings, New World Sparrows;Emberizidae;Ruskopääsirkku;Stäppsparv;EMBBRU;Emberiza bruniceps;E;
830;Sirkut;Buntings, New World Sparrows;Emberizidae;Ruskopääsirkku / mustapääsirkku;Stäppsparv / svarthuvad sparv;EMBBRU/EMBMEL;Emberiza bruniceps/melanocephala;S;
831;Sirkut;Buntings, New World Sparrows;Emberizidae;Mustapääsirkku;Svarthuvad sparv;EMBMEL;Emberiza melanocephala;A;
832;Sirkut;Buntings, New World Sparrows;Emberizidae;Harmaasirkku;Kornsparv;EMBCAL;Emberiza calandra;A;
833;Sirkut;Buntings, New World Sparrows;Emberizidae;Niittysirkku;ängssparv;EMBCIO;Emberiza cioides;E;
834;Sirkut;Buntings, New World Sparrows;Emberizidae;Kultatöyhtösirkku;Praktsparv;EMBELE;Emberiza elegans;E;
835;Sirkut;Buntings, New World Sparrows;Emberizidae;Indigokardinaali;Indigofink;PASCYA;Passerina cyanea;D;
836;Sirkut;Buntings, New World Sparrows;Emberizidae;Turkoosikardinaali;Lazulifink;PASAMO;Passerina amoena;E;
837;Sirkut;Buntings, New World Sparrows;Emberizidae;Sateenkaarikardinaali;Påvefink;PASCIR;Passerina ciris;E;
838;;;;Hanhi / merimetso;Gås / skarv;ANS/BRA/PHA;Anser/Branta/Phalacrocorax;S;
839;;;;Hanhi / vesilintu;Gås / sjöfågel;ANS/BRA/V;Hanhi / vesilintu;S;
840;;;;Iso lintu;Stor fågel;IL;Iso lintu;S;
841;;;;Vesilintu / kahlaaja;Sjöfågel / vadare;V/K;Vesilintu / kahlaaja;S;
842;;;;Tilhi / kottarainen;Sidensvans / stare;BOM/STU;Bombycilla garrulus/Sturnus vulgaris;S;
843;;;;Pikkulintu;Ob. småfågel;PL;Pikkulintu;S;
844;;;;Lintu;Ob. fågel;AVIS;Lintu;S;
845;;;;Iso pikkulintu;Stor småfågel;IPL;Iso pikkulintu;S;
846;;;;Keskikokoinen pikkulintu;Medelstor småfågel;KPL;Keskikokoinen pikkulintu;S;
847;;;;Pieni pikkulintu;Liten småfågel;PPL;Pieni pikkulintu;S;
848;;;;Pieni / keskikokoinen pikkulintu;Liten / medelstor småfågel;PPL/KPL;Pieni / keskikokoinen pikkulintu;S;
849;;;;Keskikokoinen / iso pikkulintu;Medelstor / stor småfågel;KPL/IPL;Keskikokoinen / iso pikkulintu;S;
850;;;;Risteymä;Ob. hybrid;XX;Risteymä;X;
